,Date,Close,Predict
2818,2014-01-02,5984.259765625,4382.8209167273
2819,2014-01-03,5947.93017578125,4384.192398259887
2820,2014-01-06,5985.81005859375,4385.563879792475
2821,2014-01-07,5947.43994140625,4386.935361325062
2822,2014-01-08,5986.47998046875,4388.30684285765
2823,2014-01-09,5937.509765625,4389.678324390237
2824,2014-01-10,5842.8798828125,4391.049805922825
2825,2014-01-14,5935.56005859375,4392.421287455412
2826,2014-01-16,5982.240234375,4393.792768988
2827,2014-01-21,6019.240234375,4395.164250520587
2828,2014-01-22,6139.85986328125,4396.535732053175
2829,2014-01-24,6191.5,4397.907213585762
2830,2014-01-28,6022.81005859375,4399.278695118351
2831,2014-01-29,6069.83984375,4400.650176650938
2832,2014-02-03,6015.2998046875,4402.021658183526
2833,2014-02-05,5908.41015625,4403.393139716113
2834,2014-02-06,5914.58984375,4404.764621248701
2835,2014-02-07,6011.14013671875,4406.136102781289
2836,2014-02-11,6106.02978515625,4407.507584313877
2837,2014-02-12,6112.31005859375,4408.879065846464
2838,2014-02-13,6101.72021484375,4410.250547379052
2839,2014-02-14,6113.66015625,4411.622028911639
2840,2014-02-18,6193.97021484375,4412.993510444227
2841,2014-02-20,6352.759765625,4414.364991976814
2842,2014-02-21,6308.35986328125,4415.736473509402
2843,2014-02-24,6296.31982421875,4417.107955041989
2844,2014-02-26,6322.60009765625,4418.4794365745765
2845,2014-02-28,6424.990234375,4419.850918107164
2846,2014-03-03,6407.52001953125,4421.2223996397515
2847,2014-03-04,6394.60009765625,4422.593881172339
2848,2014-03-05,6456.14013671875,4423.9653627049265
2849,2014-03-06,6516.81982421875,4425.336844237514
2850,2014-03-07,6481.830078125,4426.7083257701015
2851,2014-03-11,6529.580078125,4428.07980730269
2852,2014-03-12,6462.47021484375,4429.451288835277
2853,2014-03-18,6466.5498046875,4430.822770367865
2854,2014-03-19,6462.490234375,4432.194251900452
2855,2014-03-20,6417.35009765625,4433.56573343304
2856,2014-03-21,6339.259765625,4434.937214965628
2857,2014-03-24,6400.669921875,4436.308696498216
2858,2014-03-25,6336.33984375,4437.680178030803
2859,2014-03-27,6315.68994140625,4439.051659563391
2860,2014-03-28,6359.6201171875,4440.423141095978
2861,2014-03-31,6428.7099609375,4441.794622628566
2862,2014-04-01,6514.72021484375,4443.166104161153
2863,2014-04-03,6587.080078125,4444.537585693741
2864,2014-04-04,6561.2001953125,4445.909067226328
2865,2014-04-07,6614.39990234375,4447.280548758916
2866,2014-04-08,6587.490234375,4448.652030291503
2867,2014-04-10,6638.89013671875,4450.023511824091
2868,2014-04-11,6596.9599609375,4451.394993356678
2869,2014-04-15,6621.66015625,4452.766474889266
2870,2014-04-16,6671.18017578125,4454.137956421853
2871,2014-04-22,6784.9501953125,4455.509437954441
2872,2014-04-23,6769.52001953125,4456.880919487028
2873,2014-04-24,6731.330078125,4458.252401019617
2874,2014-04-25,6685.10009765625,4459.623882552204
2875,2014-04-28,6604.35009765625,4460.995364084792
2876,2014-04-29,6636.4501953125,4462.366845617379
2877,2014-04-30,6707.91015625,4463.738327149967
2878,2014-05-05,6766.4599609375,4465.109808682555
2879,2014-05-06,6765.93017578125,4466.4812902151425
2880,2014-05-07,6748.509765625,4467.85277174773
2881,2014-05-08,6765.2099609375,4469.2242532803175
2882,2014-05-09,6847.259765625,4470.595734812905
2883,2014-05-12,6811.33984375,4471.9672163454925
2884,2014-05-14,6880.43994140625,4473.33869787808
2885,2014-05-15,6849.330078125,4474.7101794106675
2886,2014-05-16,6817.7099609375,4476.081660943255
2887,2014-05-19,6870.89990234375,4477.4531424758425
2888,2014-05-20,6882.72998046875,4478.82462400843
2889,2014-05-22,6830.580078125,4480.1961055410175
2890,2014-05-23,6811.330078125,4481.567587073605
2891,2014-05-26,6790.419921875,4482.939068606192
2892,2014-05-27,6780.259765625,4484.31055013878
2893,2014-05-28,6787.8798828125,4485.682031671367
2894,2014-05-29,6676.669921875,4487.053513203956
2895,2014-05-30,6647.64990234375,4488.424994736543
2896,2014-06-03,6800.83984375,4489.796476269131
2897,2014-06-05,6772.43994140625,4491.167957801718
2898,2014-06-06,6762.6201171875,4492.539439334306
2899,2014-06-09,6802.72998046875,4493.910920866894
2900,2014-06-10,6777.97998046875,4495.282402399482
2901,2014-06-16,6758.4501953125,4496.653883932069
2902,2014-06-17,6704.93017578125,4498.025365464657
2903,2014-06-18,6703.1298828125,4499.396846997244
2904,2014-06-19,6699.39013671875,4500.768328529832
2905,2014-06-20,6730.9599609375,4502.139810062419
2906,2014-06-23,6761.990234375,4503.511291595007
2907,2014-06-24,6793.06982421875,4504.882773127594
2908,2014-06-25,6834.68017578125,4506.254254660182
2909,2014-06-26,6892.18017578125,4507.625736192769
2910,2014-06-27,6842.14990234375,4508.997217725357
2911,2014-06-30,6844.31005859375,4510.368699257944
2912,2014-07-01,6826.60986328125,4511.740180790532
2913,2014-07-02,6850.60009765625,4513.111662323119
2914,2014-07-03,6899.31005859375,4514.483143855707
2915,2014-07-07,6999.10009765625,4515.854625388295
2916,2014-07-08,6948.52001953125,4517.226106920883
2917,2014-07-09,6903.7900390625,4518.59758845347
2918,2014-07-11,6901.08984375,4519.969069986058
2919,2014-07-14,6830.3701171875,4521.340551518645
2920,2014-07-15,6834.0400390625,4522.712033051233
2921,2014-07-17,6867.35986328125,4524.083514583821
2922,2014-07-18,6853.06982421875,4525.454996116408
2923,2014-07-21,6874.8798828125,4526.826477648996
2924,2014-07-23,6892.919921875,4528.197959181583
2925,2014-07-24,6889.89013671875,4529.569440714171
2926,2014-07-25,6889.5498046875,4530.940922246758
2927,2014-07-28,6850.47021484375,4532.312403779346
2928,2014-07-30,6867.58984375,4533.683885311933
2929,2014-07-31,6864.81982421875,4535.055366844521
2930,2014-08-01,6894.22998046875,4536.426848377108
2931,2014-08-04,6998.3701171875,4537.798329909696
2932,2014-08-06,6948.97021484375,4539.169811442283
2933,2014-08-07,6955.2099609375,4540.541292974871
2934,2014-08-08,6880.33984375,4541.912774507458
2935,2014-08-11,6956.66015625,4543.284256040046
2936,2014-08-12,6983.490234375,4544.655737572633
2937,2014-08-13,6986.240234375,4546.027219105222
2938,2014-08-14,7061.0,4547.398700637809
2939,2014-08-15,7008.509765625,4548.770182170397
2940,2014-08-18,7027.580078125,4550.141663702984
2941,2014-08-19,7082.75,4551.513145235572
2942,2014-08-20,7096.490234375,4552.88462676816
2943,2014-08-22,7133.08984375,4554.256108300748
2944,2014-08-26,7146.35009765625,4555.627589833335
2945,2014-08-28,7100.7001953125,4556.999071365923
2946,2014-08-29,7050.89013671875,4558.37055289851
2947,2014-09-01,7083.490234375,4559.742034431098
2948,2014-09-02,7106.56005859375,4561.113515963685
2949,2014-09-05,7263.580078125,4562.484997496273
2950,2014-09-08,7314.93994140625,4563.85647902886
2951,2014-09-09,7253.669921875,4565.227960561448
2952,2014-09-10,7212.77978515625,4566.599442094035
2953,2014-09-11,7202.06005859375,4567.970923626623
2954,2014-09-12,7201.8798828125,4569.34240515921
2955,2014-09-15,7161.27001953125,4570.713886691798
2956,2014-09-16,7180.33984375,4572.085368224385
2957,2014-09-17,7231.83984375,4573.456849756973
2958,2014-09-18,7287.2900390625,4574.828331289561
2959,2014-09-22,7279.85986328125,4576.1998128221485
2960,2014-09-23,7271.6201171875,4577.571294354736
2961,2014-09-24,7355.2900390625,4578.9427758873235
2962,2014-09-25,7294.2099609375,4580.314257419911
2963,2014-09-26,7261.2998046875,4581.685738952499
2964,2014-09-29,7265.35986328125,4583.057220485087
2965,2014-09-30,7283.06982421875,4584.428702017674
2966,2014-10-01,7268.06005859375,4585.800183550262
2967,2014-10-03,7247.02978515625,4587.171665082849
2968,2014-10-07,7239.3798828125,4588.543146615437
2969,2014-10-08,7185.68017578125,4589.914628148024
2970,2014-10-09,7201.89013671875,4591.286109680612
2971,2014-10-10,7167.35009765625,4592.657591213199
2972,2014-10-13,6968.08984375,4594.029072745787
2973,2014-10-14,6946.06005859375,4595.400554278374
2974,2014-10-15,6991.18994140625,4596.772035810962
2975,2014-10-16,7028.580078125,4598.143517343549
2976,2014-10-17,7003.22021484375,4599.514998876137
2977,2014-10-20,7057.52978515625,4600.886480408724
2978,2014-10-22,7154.22021484375,4602.257961941312
2979,2014-10-23,7116.1298828125,4603.6294434739
2980,2014-10-24,7103.5498046875,4605.000925006488
2981,2014-10-29,7093.31005859375,4606.372406539075
2982,2014-10-30,7170.990234375,4607.743888071663
2983,2014-11-03,7312.85009765625,4609.11536960425
2984,2014-11-04,7222.009765625,4610.486851136839
2985,2014-11-05,7208.81005859375,4611.858332669426
2986,2014-11-07,7205.72021484375,4613.229814202014
2987,2014-11-10,7192.1201171875,4614.601295734601
2988,2014-11-11,7204.5498046875,4615.972777267189
2989,2014-11-12,7232.8701171875,4617.344258799776
2990,2014-11-13,7198.6298828125,4618.715740332364
2991,2014-11-14,7217.33984375,4620.087221864951
2992,2014-11-17,7229.72021484375,4621.458703397539
2993,2014-11-18,7275.66015625,4622.830184930126
2994,2014-11-19,7269.490234375,4624.201666462714
2995,2014-11-20,7268.9501953125,4625.573147995301
2996,2014-11-25,7286.85009765625,4626.9446295278885
2997,2014-11-26,7356.58984375,4628.316111060476
2998,2014-11-27,7265.33984375,4629.6875925930635
2999,2014-11-28,7294.3798828125,4631.059074125651
3000,2014-12-01,7331.72998046875,4632.4305556582385
3001,2014-12-02,7344.22998046875,4633.802037190826
3002,2014-12-03,7360.75,4635.1735187234135
3003,2014-12-04,7299.85009765625,4636.545000256003
3004,2014-12-05,7230.56005859375,4637.91648178859
3005,2014-12-09,7183.8701171875,4639.287963321178
3006,2014-12-10,7175.080078125,4640.659444853765
3007,2014-12-11,7072.10009765625,4642.030926386353
3008,2014-12-12,7224.2099609375,4643.40240791894
3009,2014-12-16,7160.3798828125,4644.773889451528
3010,2014-12-17,6966.2099609375,4646.145370984115
3011,2014-12-18,7029.27978515625,4647.516852516703
3012,2014-12-19,7125.6298828125,4648.88833404929
3013,2014-12-22,7139.27001953125,4650.259815581878
3014,2014-12-23,7186.31982421875,4651.631297114465
3015,2015-01-05,7276.6298828125,4653.002778647053
3016,2015-01-06,7277.740234375,4654.37426017964
3017,2015-01-08,7367.6298828125,4655.745741712228
3018,2015-01-09,7402.72021484375,4657.117223244815
3019,2015-01-12,7358.35986328125,4658.488704777403
3020,2015-01-13,7399.0,4659.86018630999
3021,2015-01-14,7490.8798828125,4661.231667842578
3022,2015-01-19,7485.31982421875,4662.603149375165
3023,2015-01-20,7452.81005859375,4663.974630907753
3024,2015-01-21,7474.10009765625,4665.346112440342
3025,2015-01-22,7416.31005859375,4666.7175939729295
3026,2015-01-23,7548.93017578125,4668.089075505517
3027,2015-01-26,7586.669921875,4669.4605570381045
3028,2015-01-27,7630.56982421875,4670.832038570692
3029,2015-01-28,7661.18017578125,4672.2035201032795
3030,2015-01-29,7617.2998046875,4673.575001635867
3031,2015-01-30,7689.91015625,4674.9464831684545
3032,2015-02-03,7613.14990234375,4676.317964701042
3033,2015-02-04,7716.06005859375,4677.6894462336295
3034,2015-02-05,7674.240234375,4679.060927766217
3035,2015-02-06,7728.18017578125,4680.4324092988045
3036,2015-02-10,7723.14013671875,4681.803890831392
3037,2015-02-12,7714.5498046875,4683.1753723639795
3038,2015-02-13,7773.4501953125,4684.546853896567
3039,2015-02-16,7784.64990234375,4685.9183354291545
3040,2015-02-17,7793.39990234375,4687.289816961742
3041,2015-02-20,7825.39013671875,4688.6612984943295
3042,2015-02-24,7834.85986328125,4690.032780026917
3043,2015-02-25,7844.06005859375,4691.404261559504
3044,2015-03-02,7773.919921875,4692.775743092092
3045,2015-03-03,7776.509765625,4694.147224624679
3046,2015-03-04,7847.830078125,4695.518706157269
3047,2015-03-05,7819.0400390625,4696.890187689856
3048,2015-03-06,7861.330078125,4698.261669222444
3049,2015-03-09,7820.2900390625,4699.633150755031
3050,2015-03-10,7828.47998046875,4701.004632287619
3051,2015-03-11,7790.7001953125,4702.376113820206
3052,2015-03-12,7839.81982421875,4703.747595352794
3053,2015-03-13,7809.5400390625,4705.119076885381
3054,2015-03-16,7730.9501953125,4706.490558417969
3055,2015-03-17,7789.10009765625,4707.862039950556
3056,2015-03-18,7756.580078125,4709.233521483144
3057,2015-03-19,7814.5498046875,4710.605003015731
3058,2015-03-23,7840.490234375,4711.976484548319
3059,2015-03-24,7828.93994140625,4713.347966080906
3060,2015-03-25,7836.33984375,4714.719447613494
3061,2015-03-27,7877.9599609375,4716.090929146081
3062,2015-04-01,7993.08984375,4717.462410678669
3063,2015-04-06,8053.740234375,4718.833892211256
3064,2015-04-07,8098.68017578125,4720.205373743844
3065,2015-04-08,8052.68994140625,4721.576855276431
3066,2015-04-10,8127.47998046875,4722.948336809019
3067,2015-04-13,8073.25,4724.319818341608
3068,2015-04-14,8056.490234375,4725.6912998741955
3069,2015-04-15,7906.4599609375,4727.062781406783
3070,2015-04-16,7948.2001953125,4728.4342629393705
3071,2015-04-17,7946.89013671875,4729.805744471958
3072,2015-04-20,7865.27001953125,4731.177226004545
3073,2015-04-21,7846.93994140625,4732.548707537133
3074,2015-04-22,7833.02978515625,4733.92018906972
3075,2015-04-23,7892.0498046875,4735.291670602308
3076,2015-04-24,7947.25,4736.663152134895
3077,2015-04-27,7958.06982421875,4738.034633667483
3078,2015-04-28,7886.56982421875,4739.40611520007
3079,2015-05-04,7816.43994140625,4740.777596732658
3080,2015-05-05,7919.2099609375,4742.149078265245
3081,2015-05-06,7873.64013671875,4743.520559797833
3082,2015-05-07,7816.27001953125,4744.89204133042
3083,2015-05-08,7763.2099609375,4746.263522863008
3084,2015-05-11,7777.89990234375,4747.635004395595
3085,2015-05-13,7808.35009765625,4749.006485928183
3086,2015-05-14,7831.43994140625,4750.37796746077
3087,2015-05-19,7871.31005859375,4751.749448993358
3088,2015-05-20,7881.93017578125,4753.120930525947
3089,2015-05-21,7835.3798828125,4754.492412058535
3090,2015-05-22,7810.169921875,4755.863893591122
3091,2015-05-25,7761.52978515625,4757.23537512371
3092,2015-05-26,7728.5,4758.606856656297
3093,2015-05-28,7505.02978515625,4759.978338188885
3094,2015-05-29,7580.4599609375,4761.349819721472
3095,2015-06-01,7670.3701171875,4762.72130125406
3096,2015-06-02,7551.9599609375,4764.092782786647
3097,2015-06-04,7553.64990234375,4765.464264319235
3098,2015-06-05,7526.7001953125,4766.835745851822
3099,2015-06-08,7484.89013671875,4768.20722738441
3100,2015-06-09,7323.43994140625,4769.578708916997
3101,2015-06-10,7384.27001953125,4770.950190449585
3102,2015-06-11,7503.72021484375,4772.321671982172
3103,2015-06-15,7456.16015625,4773.69315351476
3104,2015-06-16,7505.47998046875,4775.064635047347
3105,2015-06-17,7536.31005859375,4776.436116579935
3106,2015-06-18,7606.85986328125,4777.807598112522
3107,2015-06-19,7601.169921875,4779.17907964511
3108,2015-06-22,7609.14013671875,4780.550561177697
3109,2015-06-23,7551.56005859375,4781.922042710285
3110,2015-06-25,7581.91015625,4783.293524242874
3111,2015-06-26,7622.0498046875,4784.665005775461
3112,2015-06-30,7564.5,4786.036487308049
3113,2015-07-01,7575.14990234375,4787.407968840636
3114,2015-07-02,7578.31005859375,4788.779450373224
3115,2015-07-03,7535.2998046875,4790.150931905811
3116,2015-07-06,7455.14990234375,4791.522413438399
3117,2015-07-07,7442.64990234375,4792.893894970986
3118,2015-07-08,7363.43017578125,4794.265376503574
3119,2015-07-09,7377.68994140625,4795.636858036161
3120,2015-07-10,7392.58984375,4797.008339568749
3121,2015-07-13,7496.330078125,4798.379821101336
3122,2015-07-15,7559.0400390625,4799.751302633924
3123,2015-07-16,7617.1298828125,4801.122784166511
3124,2015-07-20,7541.169921875,4802.494265699099
3125,2015-07-22,7635.6201171875,4803.865747231686
3126,2015-07-23,7653.22021484375,4805.237228764274
3127,2015-07-27,7547.43994140625,4806.608710296861
3128,2015-07-28,7479.02978515625,4807.980191829449
3129,2015-07-30,7510.39013671875,4809.351673362036
3130,2015-07-31,7550.0,4810.723154894624
3131,2015-08-03,7573.259765625,4812.094636427213
3132,2015-08-04,7598.2900390625,4813.466117959801
3133,2015-08-05,7662.5498046875,4814.837599492388
3134,2015-08-06,7589.9501953125,4816.209081024976
3135,2015-08-07,7532.52001953125,4817.580562557563
3136,2015-08-10,7534.35009765625,4818.952044090151
3137,2015-08-11,7570.4501953125,4820.323525622738
3138,2015-08-14,7408.43994140625,4821.695007155326
3139,2015-08-18,7333.4501953125,4823.066488687913
3140,2015-08-24,6791.009765625,4824.437970220501
3141,2015-08-26,6867.919921875,4825.809451753088
3142,2015-08-27,7022.08984375,4827.180933285676
3143,2015-09-01,7086.85986328125,4828.552414818263
3144,2015-09-02,7072.4599609375,4829.923896350851
3145,2015-09-03,7098.759765625,4831.295377883438
3146,2015-09-04,7051.77978515625,4832.6668594160255
3147,2015-09-07,6926.81982421875,4834.038340948613
3148,2015-09-08,6891.2998046875,4835.4098224812005
3149,2015-09-09,6942.47021484375,4836.781304013788
3150,2015-09-10,6893.5400390625,4838.1527855463755
3151,2015-09-11,6911.3798828125,4839.524267078963
3152,2015-09-14,7069.18017578125,4840.895748611552
3153,2015-09-15,7089.009765625,4842.26723014414
3154,2015-09-16,7093.919921875,4843.638711676727
3155,2015-09-17,7123.990234375,4845.010193209315
3156,2015-09-18,7131.91015625,4846.381674741902
3157,2015-09-22,7051.22998046875,4847.75315627449
3158,2015-09-23,6926.91015625,4849.124637807077
3159,2015-09-24,6917.5498046875,4850.496119339665
3160,2015-09-28,6815.58984375,4851.867600872252
3161,2015-09-29,6859.2900390625,4853.23908240484
3162,2015-10-01,6890.93994140625,4854.610563937427
3163,2015-10-02,6850.60986328125,4855.982045470015
3164,2015-10-05,6961.93017578125,4857.353527002602
3165,2015-10-06,7055.490234375,4858.72500853519
3166,2015-10-08,7106.7900390625,4860.096490067777
3167,2015-10-09,7138.91015625,4861.467971600365
3168,2015-10-12,7150.2900390625,4862.839453132952
3169,2015-10-13,7013.43994140625,4864.21093466554
3170,2015-10-14,6924.77001953125,4865.582416198127
3171,2015-10-15,7045.39990234375,4866.953897730715
3172,2015-10-16,7055.740234375,4868.325379263302
3173,2015-10-19,7054.85986328125,4869.69686079589
3174,2015-10-21,7092.89990234375,4871.068342328479
3175,2015-10-27,7325.759765625,4872.4398238610665
3176,2015-10-28,7289.259765625,4873.811305393654
3177,2015-11-03,7210.72998046875,4875.1827869262415
3178,2015-11-04,7201.02001953125,4876.554268458829
3179,2015-11-05,7122.4501953125,4877.9257499914165
3180,2015-11-06,7118.2001953125,4879.297231524004
3181,2015-11-09,7070.18994140625,4880.6687130565915
3182,2015-11-10,7000.10986328125,4882.040194589179
3183,2015-11-11,6983.72021484375,4883.4116761217665
3184,2015-11-12,6909.81982421875,4884.783157654354
3185,2015-11-13,6897.77001953125,4886.1546391869415
3186,2015-11-17,6825.3798828125,4887.526120719529
3187,2015-11-20,6932.81005859375,4888.8976022521165
3188,2015-11-23,6996.18994140625,4890.269083784704
3189,2015-11-24,6992.60009765625,4891.6405653172915
3190,2015-11-25,7059.14013671875,4893.012046849879
3191,2015-11-27,6927.06982421875,4894.3835283824665
3192,2015-12-01,7060.60009765625,4895.755009915054
3193,2015-12-02,7047.080078125,4897.1264914476415
3194,2015-12-04,6921.93017578125,4898.497972980229
3195,2015-12-08,6838.419921875,4899.869454512818
3196,2015-12-11,6735.009765625,4901.240936045406
3197,2015-12-14,6745.990234375,4902.612417577993
3198,2015-12-15,6701.35009765625,4903.983899110581
3199,2015-12-16,6807.72021484375,4905.355380643168
3200,2015-12-17,6905.7001953125,4906.726862175756
3201,2015-12-18,6867.06982421875,4908.098343708343
3202,2015-12-21,6910.33984375,4909.469825240931
3203,2015-12-22,6966.18017578125,4910.841306773518
3204,2015-12-23,7002.419921875,4912.212788306106
3205,2015-12-28,6983.60986328125,4913.584269838693
3206,2015-12-29,6952.080078125,4914.955751371281
3207,2016-01-05,6835.1298828125,4916.327232903868
3208,2016-01-08,6575.43017578125,4917.698714436456
3209,2016-01-11,6288.259765625,4919.070195969043
3210,2016-01-13,6494.1298828125,4920.441677501631
3211,2016-01-14,6408.759765625,4921.813159034218
3212,2016-01-15,6449.5,4923.184640566806
3213,2016-01-18,6335.08984375,4924.556122099393
3214,2016-01-19,6357.0498046875,4925.927603631981
3215,2016-01-20,6259.60986328125,4927.299085164568
3216,2016-01-21,6084.27978515625,4928.6705666971575
3217,2016-01-22,6208.0498046875,4930.042048229745
3218,2016-01-25,6434.080078125,4931.4135297623325
3219,2016-01-27,6507.22021484375,4932.78501129492
3220,2016-01-29,6687.6201171875,4934.1564928275075
3221,2016-02-01,6701.35986328125,4935.527974360095
3222,2016-02-02,6642.4501953125,4936.899455892682
3223,2016-02-03,6521.47998046875,4938.27093742527
3224,2016-02-04,6652.830078125,4939.642418957857
3225,2016-02-05,6765.1298828125,4941.013900490445
3226,2016-02-09,6637.43017578125,4942.385382023032
3227,2016-02-11,6663.43017578125,4943.75686355562
3228,2016-02-15,6692.580078125,4945.128345088207
3229,2016-02-17,6756.81982421875,4946.499826620795
3230,2016-02-18,6848.8701171875,4947.871308153382
3231,2016-02-19,6792.06005859375,4949.24278968597
3232,2016-02-22,6783.080078125,4950.614271218557
3233,2016-02-23,6819.33984375,4951.985752751145
3234,2016-02-24,6769.259765625,4953.357234283732
3235,2016-02-26,6771.2998046875,4954.72871581632
3236,2016-03-02,6882.4501953125,4956.100197348907
3237,2016-03-03,6963.43994140625,4957.471678881495
3238,2016-03-07,6892.68994140625,4958.843160414084
3239,2016-03-09,6948.18017578125,4960.214641946672
3240,2016-03-11,7098.64013671875,4961.586123479259
3241,2016-03-15,7148.259765625,4962.957605011847
3242,2016-03-16,7065.39013671875,4964.329086544434
3243,2016-03-17,7210.89990234375,4965.700568077022
3244,2016-03-21,7376.41015625,4967.072049609609
3245,2016-03-22,7342.02978515625,4968.443531142197
3246,2016-03-23,7360.0498046875,4969.815012674784
3247,2016-03-28,7334.52001953125,4971.186494207372
3248,2016-03-29,7274.39990234375,4972.557975739959
3249,2016-03-30,7299.22998046875,4973.929457272547
3250,2016-03-31,7262.2998046875,4975.300938805134
3251,2016-04-01,7245.1298828125,4976.672420337722
3252,2016-04-04,7254.52978515625,4978.043901870309
3253,2016-04-05,7219.22998046875,4979.415383402897
3254,2016-04-06,7180.5498046875,4980.786864935484
3255,2016-04-08,7247.2001953125,4982.158346468072
3256,2016-04-11,7291.43017578125,4983.529828000659
3257,2016-04-12,7306.56005859375,4984.901309533247
3258,2016-04-13,7341.0,4986.272791065834
3259,2016-04-14,7357.27978515625,4987.644272598423
3260,2016-04-15,7321.2998046875,4989.015754131011
3261,2016-04-18,7243.39990234375,4990.387235663598
3262,2016-04-19,7215.08984375,4991.758717196186
3263,2016-04-20,7201.3701171875,4993.130198728773
3264,2016-04-21,7257.85009765625,4994.501680261361
3265,2016-04-25,7250.1298828125,4995.873161793948
3266,2016-04-26,7211.919921875,4997.244643326536
3267,2016-04-27,7180.52978515625,4998.616124859123
3268,2016-04-29,7159.2900390625,4999.987606391711
3269,2016-05-04,7081.85986328125,5001.359087924298
3270,2016-05-05,6999.75,5002.730569456886
3271,2016-05-10,7174.8798828125,5004.102050989473
3272,2016-05-12,7325.0400390625,5005.473532522061
3273,2016-05-13,7436.7900390625,5006.845014054648
3274,2016-05-16,7511.740234375,5008.216495587236
3275,2016-05-23,7306.68994140625,5009.587977119823
3276,2016-05-24,7356.72021484375,5010.959458652411
3277,2016-05-25,7463.9501953125,5012.330940184998
3278,2016-05-26,7376.3798828125,5013.702421717586
3279,2016-05-27,7411.68017578125,5015.073903250173
3280,2016-06-01,7500.7900390625,5016.445384782763
3281,2016-06-02,7464.58984375,5017.81686631535
3282,2016-06-03,7514.22021484375,5019.188347847938
3283,2016-06-06,7598.22021484375,5020.559829380525
3284,2016-06-07,7710.5400390625,5021.931310913113
3285,2016-06-08,7722.7900390625,5023.3027924457
3286,2016-06-09,7536.64990234375,5024.674273978288
3287,2016-06-10,7509.93994140625,5026.045755510875
3288,2016-06-13,7554.39990234375,5027.417237043463
3289,2016-06-14,7460.1201171875,5028.78871857605
3290,2016-06-15,7501.64990234375,5030.160200108638
3291,2016-06-17,7622.06982421875,5031.531681641225
3292,2016-06-21,7767.22998046875,5032.903163173813
3293,2016-06-22,7756.3701171875,5034.2746447064
3294,2016-06-23,7729.77978515625,5035.646126238988
3295,2016-06-24,7629.72021484375,5037.017607771575
3296,2016-06-28,7666.68994140625,5038.389089304163
3297,2016-06-29,7798.52978515625,5039.76057083675
3298,2016-06-30,7796.25,5041.1320523693375
3299,2016-07-01,7830.35009765625,5042.503533901925
3300,2016-07-04,7846.5400390625,5043.8750154345125
3301,2016-07-07,7753.4599609375,5045.2464969671
3302,2016-07-08,7771.52001953125,5046.617978499689
3303,2016-07-11,7865.27001953125,5047.989460032277
3304,2016-07-12,7937.9501953125,5049.360941564864
3305,2016-07-13,7944.02001953125,5050.732423097452
3306,2016-07-18,7986.25,5052.103904630039
3307,2016-07-19,8036.009765625,5053.475386162627
3308,2016-07-20,8051.97021484375,5054.846867695214
3309,2016-07-21,8102.2998046875,5056.218349227802
3310,2016-07-22,8025.35009765625,5057.589830760389
3311,2016-07-25,8049.1298828125,5058.961312292977
3312,2016-07-26,8024.5400390625,5060.332793825564
3313,2016-07-27,8100.47998046875,5061.704275358152
3314,2016-07-28,8024.97998046875,5063.075756890739
3315,2016-07-29,7963.10986328125,5064.447238423327
3316,2016-08-01,8069.81005859375,5065.818719955914
3317,2016-08-03,7888.43994140625,5067.190201488502
3318,2016-08-04,7978.56982421875,5068.561683021089
3319,2016-08-05,7970.35009765625,5069.933164553677
3320,2016-08-10,8051.39990234375,5071.304646086264
3321,2016-08-11,7981.35009765625,5072.676127618852
3322,2016-08-12,7955.85986328125,5074.047609151439
3323,2016-08-15,7960.169921875,5075.419090684029
3324,2016-08-16,7983.3798828125,5076.790572216616
3325,2016-08-17,7946.18994140625,5078.162053749204
3326,2016-08-18,7952.81005859375,5079.533535281791
3327,2016-08-19,7930.75,5080.9050168143785
3328,2016-08-22,7981.2099609375,5082.276498346966
3329,2016-08-23,7935.18017578125,5083.6479798795535
3330,2016-08-26,7845.490234375,5085.019461412141
3331,2016-08-30,7794.93017578125,5086.3909429447285
3332,2016-08-31,7787.3701171875,5087.762424477316
3333,2016-09-01,7773.31005859375,5089.1339060099035
3334,2016-09-05,7764.0498046875,5090.505387542491
3335,2016-09-07,7619.10009765625,5091.8768690750785
3336,2016-09-08,7667.06982421875,5093.248350607666
3337,2016-09-09,7581.7900390625,5094.6198321402535
3338,2016-09-13,7550.27001953125,5095.991313672841
3339,2016-09-14,7546.009765625,5097.3627952054285
3340,2016-09-16,7553.759765625,5098.734276738016
3341,2016-09-19,7575.83984375,5100.1057582706035
3342,2016-09-20,7671.72021484375,5101.477239803191
3343,2016-09-21,7675.419921875,5102.8487213357785
3344,2016-09-22,7762.35009765625,5104.220202868368
3345,2016-09-23,7723.60009765625,5105.591684400955
3346,2016-09-26,7632.4599609375,5106.963165933543
3347,2016-09-27,7557.33984375,5108.33464746613
3348,2016-09-28,7586.9599609375,5109.706128998718
3349,2016-09-29,7714.85986328125,5111.077610531305
3350,2016-10-03,7677.72998046875,5112.449092063893
3351,2016-10-04,7719.240234375,5113.82057359648
3352,2016-10-05,7639.7900390625,5115.192055129068
3353,2016-10-06,7620.16015625,5116.563536661655
3354,2016-10-07,7578.2900390625,5117.935018194243
3355,2016-10-10,7534.7099609375,5119.30649972683
3356,2016-10-12,7429.81982421875,5120.677981259418
3357,2016-10-13,7312.18017578125,5122.049462792005
3358,2016-10-17,7358.2099609375,5123.420944324593
3359,2016-10-18,7571.14990234375,5124.79242585718
3360,2016-10-19,7721.56982421875,5126.163907389768
3361,2016-10-20,7713.31982421875,5127.535388922355
3362,2016-10-21,7650.22021484375,5128.906870454943
3363,2016-10-24,7609.31005859375,5130.27835198753
3364,2016-10-25,7580.22021484375,5131.649833520118
3365,2016-10-26,7494.41015625,5133.021315052705
3366,2016-10-28,7404.7998046875,5134.3927965852945
3367,2016-11-02,7252.39990234375,5135.764278117882
3368,2016-11-03,7160.91015625,5137.1357596504695
3369,2016-11-04,7227.3701171875,5138.507241183057
3370,2016-11-07,7197.18994140625,5139.8787227156445
3371,2016-11-08,7307.7998046875,5141.250204248232
3372,2016-11-09,7119.0400390625,5142.6216857808195
3373,2016-11-10,7181.8701171875,5143.993167313407
3374,2016-11-14,6871.47998046875,5145.364648845994
3375,2016-11-15,6857.14990234375,5146.736130378582
3376,2016-11-17,7050.1201171875,5148.107611911169
3377,2016-11-18,7067.72998046875,5149.479093443757
3378,2016-11-21,6979.06005859375,5150.850574976344
3379,2016-11-22,6802.72998046875,5152.222056508932
3380,2016-11-24,6873.31005859375,5153.593538041519
3381,2016-11-25,6889.77978515625,5154.965019574107
3382,2016-11-28,6825.39990234375,5156.336501106694
3383,2016-11-29,6781.2001953125,5157.707982639282
3384,2016-12-01,6864.8701171875,5159.079464171869
3385,2016-12-02,6886.740234375,5160.450945704457
3386,2016-12-05,6776.41015625,5161.822427237044
3387,2016-12-06,6806.14013671875,5163.193908769634
3388,2016-12-07,6866.81005859375,5164.565390302221
3389,2016-12-08,7022.3798828125,5165.936871834809
3390,2016-12-09,7043.16015625,5167.308353367396
3391,2016-12-12,6868.89013671875,5168.679834899984
3392,2016-12-14,6928.33984375,5170.051316432571
3393,2016-12-15,6855.31005859375,5171.422797965159
3394,2016-12-20,6658.66015625,5172.794279497746
3395,2016-12-21,6686.35986328125,5174.165761030334
3396,2016-12-22,6587.169921875,5175.537242562921
3397,2016-12-23,6563.669921875,5176.908724095509
3398,2016-12-28,6846.43994140625,5178.280205628096
3399,2016-12-29,6840.64013671875,5179.651687160684
3400,2017-01-03,6861.31005859375,5181.023168693271
3401,2017-01-04,7030.9501953125,5182.394650225859
3402,2017-01-05,7209.43994140625,5183.766131758446
3403,2017-01-06,7248.2001953125,5185.137613291034
3404,2017-01-09,7276.33984375,5186.509094823621
3405,2017-01-11,7321.81982421875,5187.880576356209
3406,2017-01-12,7264.5498046875,5189.252057888796
3407,2017-01-16,7238.4501953125,5190.623539421384
3408,2017-01-17,7123.330078125,5191.995020953973
3409,2017-01-18,7156.35986328125,5193.36650248656
3410,2017-01-19,7246.080078125,5194.737984019148
3411,2017-01-20,7232.66015625,5196.109465551735
3412,2017-01-23,7374.35009765625,5197.480947084323
3413,2017-01-27,7333.669921875,5198.85242861691
3414,2017-01-30,7336.7099609375,5200.223910149498
3415,2017-01-31,7229.66015625,5201.595391682085
3416,2017-02-01,7227.4501953125,5202.966873214673
3417,2017-02-02,7225.91015625,5204.33835474726
3418,2017-02-03,7226.7001953125,5205.709836279848
3419,2017-02-06,7294.39990234375,5207.081317812435
3420,2017-02-07,7262.64013671875,5208.452799345023
3421,2017-02-08,7234.81982421875,5209.82428087761
3422,2017-02-13,7294.669921875,5211.195762410198
3423,2017-02-14,7206.83984375,5212.567243942785
3424,2017-02-16,7283.25,5213.938725475373
3425,2017-02-17,7244.7900390625,5215.31020700796
3426,2017-02-20,7281.18994140625,5216.681688540548
3427,2017-02-21,7282.68017578125,5218.053170073135
3428,2017-02-22,7304.4501953125,5219.424651605723
3429,2017-02-23,7335.56005859375,5220.79613313831
3430,2017-02-24,7258.990234375,5222.1676146709
3431,2017-02-27,7232.47021484375,5223.539096203487
3432,2017-03-06,7313.8701171875,5224.910577736075
3433,2017-03-07,7294.52001953125,5226.282059268662
3434,2017-03-08,7294.56005859375,5227.65354080125
3435,2017-03-09,7295.4501953125,5229.025022333837
3436,2017-03-10,7146.27001953125,5230.396503866425
3437,2017-03-13,7233.08984375,5231.767985399012
3438,2017-03-14,7261.75,5233.1394669316
3439,2017-03-15,7253.7900390625,5234.510948464187
3440,2017-03-16,7278.60009765625,5235.882429996775
3441,2017-03-17,7345.02001953125,5237.253911529362
3442,2017-03-20,7316.56982421875,5238.62539306195
3443,2017-03-22,7254.93017578125,5239.996874594537
3444,2017-03-23,7301.02978515625,5241.368356127125
3445,2017-03-24,7269.6201171875,5242.739837659712
3446,2017-03-27,7245.97021484375,5244.1113191923
3447,2017-03-28,7331.4599609375,5245.482800724887
3448,2017-03-29,7324.0,5246.854282257475
3449,2017-03-30,7332.58984375,5248.225763790062
3450,2017-04-04,7446.490234375,5249.5972453226495
3451,2017-04-05,7584.2099609375,5250.968726855239
3452,2017-04-06,7565.31982421875,5252.340208387826
3453,2017-04-07,7583.75,5253.711689920414
3454,2017-04-10,7617.91015625,5255.083171453001
3455,2017-04-11,7601.39990234375,5256.454652985589
3456,2017-04-12,7629.64013671875,5257.826134518176
3457,2017-04-17,7588.52978515625,5259.197616050764
3458,2017-04-18,7588.97998046875,5260.569097583351
3459,2017-04-19,7522.97998046875,5261.940579115939
3460,2017-04-21,7578.16015625,5263.312060648526
3461,2017-04-24,7588.8798828125,5264.683542181114
3462,2017-04-25,7700.4599609375,5266.055023713701
3463,2017-04-27,7661.009765625,5267.426505246289
3464,2017-05-02,7703.10009765625,5268.797986778876
3465,2017-05-03,7682.259765625,5270.169468311464
3466,2017-05-04,7755.75,5271.540949844051
3467,2017-05-05,7841.990234375,5272.912431376639
3468,2017-05-08,7962.330078125,5274.283912909226
3469,2017-05-09,7923.5,5275.655394441814
3470,2017-05-10,7794.169921875,5277.026875974401
3471,2017-05-11,7816.39990234375,5278.398357506989
3472,2017-05-15,7772.93017578125,5279.769839039578
3473,2017-05-16,7791.06982421875,5281.141320572166
3474,2017-05-17,7826.52978515625,5282.512802104753
3475,2017-05-18,7757.68994140625,5283.884283637341
3476,2017-05-19,7767.6201171875,5285.255765169928
3477,2017-05-22,7806.56982421875,5286.627246702516
3478,2017-05-23,7812.14013671875,5287.998728235103
3479,2017-05-29,7886.02978515625,5289.3702097676905
3480,2017-05-30,7860.77001953125,5290.741691300278
3481,2017-06-01,7927.490234375,5292.1131728328655
3482,2017-06-06,7953.1201171875,5293.484654365453
3483,2017-06-09,7990.240234375,5294.8561358980405
3484,2017-06-14,7966.009765625,5296.227617430628
3485,2017-06-15,7964.490234375,5297.5990989632155
3486,2017-06-16,7882.22021484375,5298.970580495803
3487,2017-06-20,7917.85986328125,5300.3420620283905
3488,2017-06-21,7886.3701171875,5301.713543560978
3489,2017-06-22,7858.33984375,5303.0850250935655
3490,2017-06-23,7814.169921875,5304.456506626153
3491,2017-06-28,7857.18017578125,5305.8279881587405
3492,2017-06-30,7843.16015625,5307.199469691328
3493,2017-07-03,7866.52001953125,5308.5709512239155
3494,2017-07-07,7889.330078125,5309.942432756505
3495,2017-07-10,7837.47021484375,5311.313914289092
3496,2017-07-11,7858.14013671875,5312.68539582168
3497,2017-07-13,7936.85009765625,5314.056877354267
3498,2017-07-18,7952.919921875,5315.428358886855
3499,2017-07-19,7972.89990234375,5316.799840419442
3500,2017-07-20,7904.33984375,5318.17132195203
3501,2017-07-21,7989.72998046875,5319.542803484617
3502,2017-07-24,7962.64013671875,5320.914285017205
3503,2017-07-25,7971.72021484375,5322.285766549792
3504,2017-07-26,8037.509765625,5323.65724808238
3505,2017-07-28,8071.47021484375,5325.028729614967
3506,2017-07-31,8018.0498046875,5326.400211147555
3507,2017-08-02,7872.64990234375,5327.771692680142
3508,2017-08-03,7876.66015625,5329.14317421273
3509,2017-08-04,7932.81982421875,5330.514655745317
3510,2017-08-07,7992.27001953125,5331.886137277905
3511,2017-08-09,7985.830078125,5333.257618810492
3512,2017-08-11,7928.43017578125,5334.62910034308
3513,2017-08-14,7962.1201171875,5336.000581875667
3514,2017-08-15,8009.41015625,5337.372063408255
3515,2017-08-16,8046.58984375,5338.743544940844
3516,2017-08-18,8016.72998046875,5340.1150264734315
3517,2017-08-21,8016.72998046875,5341.486508006019
3518,2017-08-22,8015.93017578125,5342.8579895386065
3519,2017-08-23,7998.75,5344.229471071194
3520,2017-08-29,7948.39013671875,5345.6009526037815
3521,2017-08-30,7956.72998046875,5346.972434136369
3522,2017-08-31,7958.56982421875,5348.3439156689565
3523,2017-09-05,8049.35009765625,5349.715397201544
3524,2017-09-06,7983.97021484375,5351.0868787341315
3525,2017-09-08,8022.75,5352.458360266719
3526,2017-09-11,8049.31005859375,5353.829841799306
3527,2017-09-14,8144.91015625,5355.201323331894
3528,2017-09-15,8180.85009765625,5356.572804864481
3529,2017-09-18,8294.1396484375,5357.944286397069
3530,2017-09-19,8162.7001953125,5359.315767929656
3531,2017-09-20,8219.3203125,5360.687249462244
3532,2017-09-21,8286.8603515625,5362.058730994831
3533,2017-09-22,8281.26953125,5363.430212527419
3534,2017-09-25,8244.73046875,5364.801694060006
3535,2017-09-27,8221.919921875,5366.173175592594
3536,2017-09-28,8156.0400390625,5367.544657125183
3537,2017-09-29,8171.43017578125,5368.916138657771
3538,2017-10-02,8256.2802734375,5370.287620190358
3539,2017-10-03,8312.9296875,5371.659101722946
3540,2017-10-05,8294.009765625,5373.030583255533
3541,2017-10-09,8367.3798828125,5374.402064788121
3542,2017-10-10,8398.0400390625,5375.773546320708
3543,2017-10-11,8358.4697265625,5377.145027853296
3544,2017-10-12,8402.8095703125,5378.516509385883
3545,2017-10-13,8447.9404296875,5379.887990918471
3546,2017-10-17,8497.740234375,5381.259472451058
3547,2017-10-18,8431.73046875,5382.630953983646
3548,2017-10-19,8487.3701171875,5384.002435516233
3549,2017-10-20,8420.9501953125,5385.373917048821
3550,2017-10-25,8303.349609375,5386.745398581408
3551,2017-10-26,8267.919921875,5388.116880113996
3552,2017-10-27,8295.9501953125,5389.488361646583
3553,2017-11-02,8516.01953125,5390.859843179171
3554,2017-11-03,8376.1298828125,5392.231324711758
3555,2017-11-06,8523.0703125,5393.602806244346
3556,2017-11-07,8521.8095703125,5394.974287776933
3557,2017-11-08,8508.490234375,5396.345769309521
3558,2017-11-09,8519.8203125,5397.71725084211
3559,2017-11-10,8433.48046875,5399.088732374697
3560,2017-11-13,8330.01953125,5400.460213907285
3561,2017-11-15,8273.4404296875,5401.831695439872
3562,2017-11-16,8206.4404296875,5403.20317697246
3563,2017-11-17,8311.080078125,5404.574658505047
3564,2017-11-20,8321.98046875,5405.946140037635
3565,2017-11-21,8289.1904296875,5407.317621570222
3566,2017-11-22,8265.6796875,5408.68910310281
3567,2017-11-23,8343.23046875,5410.060584635397
3568,2017-11-24,8365.1103515625,5411.432066167985
3569,2017-11-27,8361.6904296875,5412.803547700572
3570,2017-11-29,8254.0302734375,5414.17502923316
3571,2017-11-30,8254.0302734375,5415.546510765747
3572,2017-12-01,8144.02001953125,5416.917992298335
3573,2017-12-04,8084.4501953125,5418.289473830922
3574,2017-12-07,8174.93017578125,5419.66095536351
3575,2017-12-08,8304.7001953125,5421.032436896097
3576,2017-12-11,8358.5703125,5422.403918428685
3577,2017-12-12,8334.0595703125,5423.775399961272
3578,2017-12-13,8359.6103515625,5425.14688149386
3579,2017-12-15,8337.0400390625,5426.518363026449
3580,2017-12-18,8422.8203125,5427.889844559037
3581,2017-12-19,8365.9599609375,5429.261326091624
3582,2017-12-20,8362.6103515625,5430.632807624212
3583,2017-12-27,8490.91015625,5432.004289156799
3584,2017-12-28,8535.08984375,5433.375770689387
3585,2017-12-29,8558.419921875,5434.747252221974
3586,2018-01-03,8724.1298828125,5436.118733754562
3587,2018-01-04,8739.830078125,5437.490215287149
3588,2018-01-05,8770.0,5438.861696819737
3589,2018-01-08,8745.1201171875,5440.233178352324
3590,2018-01-09,8923.7197265625,5441.604659884912
3591,2018-01-11,8813.25,5442.976141417499
3592,2018-01-17,8848.990234375,5444.347622950087
3593,2018-01-18,8820.740234375,5445.719104482674
3594,2018-01-19,8915.919921875,5447.090586015262
3595,2018-01-23,8999.01953125,5448.462067547849
3596,2018-01-25,8999.169921875,5449.833549080437
3597,2018-01-26,9041.2001953125,5451.205030613024
3598,2018-01-29,9058.6201171875,5452.576512145612
3599,2018-01-30,8910.48046875,5453.947993678199
3600,2018-02-01,8738.7197265625,5455.319475210788
3601,2018-02-02,8810.75,5456.690956743376
3602,2018-02-05,8616.0,5458.062438275963
3603,2018-02-06,8550.419921875,5459.433919808551
3604,2018-02-13,8570.1396484375,5460.805401341138
3605,2018-02-15,8612.4404296875,5462.176882873726
3606,2018-02-20,8722.7001953125,5463.548364406313
3607,2018-02-22,8515.5703125,5464.919845938901
3608,2018-02-26,8499.98046875,5466.291327471488
3609,2018-02-27,8592.3798828125,5467.662809004076
3610,2018-02-28,8475.2900390625,5469.034290536663
3611,2018-03-02,8458.5703125,5470.405772069251
3612,2018-03-05,8386.169921875,5471.777253601838
3613,2018-03-06,8360.2197265625,5473.148735134426
3614,2018-03-07,8404.6904296875,5474.520216667013
3615,2018-03-08,8381.849609375,5475.891698199601
3616,2018-03-09,8372.509765625,5477.263179732188
3617,2018-03-13,8419.5703125,5478.634661264776
3618,2018-03-16,8238.150390625,5480.006142797363
3619,2018-03-20,8059.60009765625,5481.377624329951
3620,2018-03-21,7909.06982421875,5482.749105862538
3621,2018-03-22,8124.4501953125,5484.120587395126
3622,2018-03-23,7970.7998046875,5485.492068927715
3623,2018-03-26,7932.3798828125,5486.863550460303
3624,2018-03-27,8047.02978515625,5488.23503199289
3625,2018-03-28,7979.830078125,5489.606513525478
3626,2018-04-02,8039.4501953125,5490.977995058065
3627,2018-04-03,8048.72021484375,5492.349476590653
3628,2018-04-04,7997.669921875,5493.72095812324
3629,2018-04-05,8022.16015625,5495.092439655828
3630,2018-04-10,7934.68017578125,5496.463921188415
3631,2018-04-11,7943.93017578125,5497.8354027210025
3632,2018-04-13,7899.97998046875,5499.20688425359
3633,2018-04-17,7723.39013671875,5500.5783657861775
3634,2018-04-18,7793.1298828125,5501.949847318765
3635,2018-04-19,7682.240234375,5503.3213288513525
3636,2018-04-20,7726.72021484375,5504.69281038394
3637,2018-04-23,7719.47021484375,5506.0642919165275
3638,2018-04-25,7557.91015625,5507.435773449115
3639,2018-04-26,7617.419921875,5508.8072549817025
3640,2018-04-30,7819.25,5510.17873651429
3641,2018-05-02,7736.06982421875,5511.5502180468775
3642,2018-05-03,7535.10009765625,5512.921699579465
3643,2018-05-04,7546.18994140625,5514.293181112054
3644,2018-05-08,7577.56982421875,5515.664662644642
3645,2018-05-09,7555.27001953125,5517.036144177229
3646,2018-05-11,7752.10986328125,5518.407625709817
3647,2018-05-15,7885.97021484375,5519.779107242404
3648,2018-05-16,7869.56005859375,5521.150588774992
3649,2018-05-17,7694.1201171875,5522.522070307579
3650,2018-05-18,7672.27978515625,5523.893551840167
3651,2018-05-21,7658.0498046875,5525.265033372754
3652,2018-05-22,7646.2001953125,5526.636514905342
3653,2018-05-23,7560.47021484375,5528.007996437929
3654,2018-05-25,7647.509765625,5529.379477970517
3655,2018-05-28,7642.89990234375,5530.750959503104
3656,2018-05-29,7602.35986328125,5532.122441035692
3657,2018-05-31,7497.169921875,5533.493922568279
3658,2018-06-01,7630.259765625,5534.865404100867
3659,2018-06-04,7579.60986328125,5536.236885633454
3660,2018-06-05,7685.759765625,5537.608367166042
3661,2018-06-06,7689.14013671875,5538.979848698629
3662,2018-06-07,7803.31005859375,5540.351330231217
3663,2018-06-08,7740.740234375,5541.722811763804
3664,2018-06-11,7771.2998046875,5543.0942932963935
3665,2018-06-18,7414.10986328125,5544.465774828981
3666,2018-06-20,7261.6201171875,5545.8372563615685
3667,2018-06-21,7098.14990234375,5547.208737894156
3668,2018-06-22,7063.2001953125,5548.5802194267435
3669,2018-06-25,6986.8798828125,5549.951700959331
3670,2018-06-26,7007.2099609375,5551.3231824919185
3671,2018-06-28,7066.56982421875,5552.694664024506
3672,2018-07-02,7227.9599609375,5554.0661455570935
3673,2018-07-03,7267.33984375,5555.437627089681
3674,2018-07-04,7348.419921875,5556.8091086222685
3675,2018-07-05,7233.56982421875,5558.180590154856
3676,2018-07-06,7186.7099609375,5559.5520716874435
3677,2018-07-09,7186.6201171875,5560.923553220031
3678,2018-07-10,7233.2900390625,5562.295034752618
3679,2018-07-11,7333.72998046875,5563.666516285206
3680,2018-07-12,7350.580078125,5565.037997817793
3681,2018-07-13,7399.18017578125,5566.409479350381
3682,2018-07-17,7381.68017578125,5567.780960882968
3683,2018-07-18,7451.3701171875,5569.152442415556
3684,2018-07-19,7387.8701171875,5570.523923948143
3685,2018-07-20,7399.60986328125,5571.895405480731
3686,2018-07-23,7376.7998046875,5573.26688701332
3687,2018-07-24,7447.02001953125,5574.638368545908
3688,2018-07-25,7514.0,5576.009850078495
3689,2018-07-27,7701.3798828125,5577.381331611083
3690,2018-07-31,7672.0,5578.75281314367
3691,2018-08-01,7838.22021484375,5580.124294676258
3692,2018-08-02,7759.5498046875,5581.495776208845
3693,2018-08-03,7819.39013671875,5582.867257741433
3694,2018-08-06,7817.31005859375,5584.23873927402
3695,2018-08-07,7725.85009765625,5585.610220806608
3696,2018-08-08,7851.4599609375,5586.981702339195
3697,2018-08-09,7820.7099609375,5588.353183871783
3698,2018-08-10,7804.97998046875,5589.72466540437
3699,2018-08-13,7635.27001953125,5591.096146936958
3700,2018-08-14,7527.77978515625,5592.467628469545
3701,2018-08-15,7540.919921875,5593.839110002133
3702,2018-08-17,7583.52001953125,5595.21059153472
3703,2018-08-20,7500.52978515625,5596.582073067308
3704,2018-08-22,7632.259765625,5597.953554599895
3705,2018-08-23,7804.02978515625,5599.325036132483
3706,2018-08-24,7766.47021484375,5600.69651766507
3707,2018-08-29,7830.9599609375,5602.067999197659
3708,2018-08-30,7853.16015625,5603.439480730247
3709,2018-08-31,7855.7099609375,5604.810962262834
3710,2018-09-03,7832.22021484375,5606.182443795422
3711,2018-09-05,7752.27001953125,5607.553925328009
3712,2018-09-06,7638.7099609375,5608.925406860597
3713,2018-09-07,7598.64013671875,5610.296888393184
3714,2018-09-10,7596.14990234375,5611.668369925772
3715,2018-09-11,7518.009765625,5613.039851458359
3716,2018-09-12,7449.2001953125,5614.411332990947
3717,2018-09-13,7517.3701171875,5615.782814523534
3718,2018-09-14,7413.14990234375,5617.154296056122
3719,2018-09-17,7413.56005859375,5618.525777588709
3720,2018-09-18,7286.33984375,5619.897259121297
3721,2018-09-19,7221.22998046875,5621.268740653884
3722,2018-09-20,7134.72998046875,5622.640222186472
3723,2018-09-21,7383.0,5624.011703719059
3724,2018-09-24,7433.60986328125,5625.383185251647
3725,2018-09-25,7332.169921875,5626.754666784234
3726,2018-09-26,7268.2099609375,5628.126148316822
3727,2018-09-27,7320.58984375,5629.497629849409
3728,2018-09-28,7276.81982421875,5630.869111381999
3729,2018-10-01,7222.080078125,5632.240592914586
3730,2018-10-02,7132.35986328125,5633.612074447174
3731,2018-10-03,7210.8701171875,5634.983555979761
3732,2018-10-04,7093.33984375,5636.355037512349
3733,2018-10-05,7078.2001953125,5637.726519044936
3734,2018-10-08,7050.81982421875,5639.098000577524
3735,2018-10-09,7059.3798828125,5640.469482110111
3736,2018-10-11,6884.3798828125,5641.840963642699
3737,2018-10-15,6926.509765625,5643.212445175286
3738,2018-10-16,6987.02001953125,5644.583926707874
3739,2018-10-17,7099.68017578125,5645.955408240461
3740,2018-10-18,7141.25,5647.326889773049
3741,2018-10-19,7151.52001953125,5648.698371305636
3742,2018-10-22,7236.16015625,5650.069852838224
3743,2018-10-24,7129.419921875,5651.441334370811
3744,2018-10-25,6966.83984375,5652.812815903399
3745,2018-10-26,7064.330078125,5654.184297435986
3746,2018-10-29,7109.02978515625,5655.555778968574
3747,2018-10-31,7140.2900390625,5656.927260501161
3748,2018-11-05,7213.43994140625,5658.298742033749
3749,2018-11-06,7180.10986328125,5659.670223566336
3750,2018-11-07,7133.93017578125,5661.041705098925
3751,2018-11-08,7006.5400390625,5662.413186631513
3752,2018-11-09,6968.81982421875,5663.7846681641
3753,2018-11-12,6926.2001953125,5665.156149696688
3754,2018-11-13,6843.830078125,5666.527631229275
3755,2018-11-14,6923.080078125,5667.899112761863
3756,2018-11-16,7083.33984375,5669.27059429445
3757,2018-11-19,7270.259765625,5670.642075827038
3758,2018-11-20,7302.93994140625,5672.013557359625
3759,2018-11-26,7397.8701171875,5673.385038892213
3760,2018-11-27,7413.6298828125,5674.7565204248
3761,2018-11-28,7382.43017578125,5676.128001957388
3762,2018-11-29,7367.85009765625,5677.499483489975
3763,2018-12-03,7532.89990234375,5678.870965022563
3764,2018-12-04,7703.919921875,5680.24244655515
3765,2018-12-05,7630.89990234375,5681.613928087738
3766,2018-12-10,7348.2099609375,5682.985409620325
3767,2018-12-13,7522.919921875,5684.356891152913
3768,2018-12-14,7524.3701171875,5685.7283726855
3769,2018-12-17,7520.39990234375,5687.099854218088
3770,2018-12-18,7420.39990234375,5688.471335750675
3771,2018-12-20,7563.41015625,5689.842817283265
3772,2018-12-26,7450.009765625,5691.214298815852
3773,2018-12-28,7466.02001953125,5692.58578034844
3774,2019-01-02,7489.2001953125,5693.957261881027
3775,2019-01-03,7680.60009765625,5695.328743413615
3776,2019-01-04,7761.10986328125,5696.700224946202
3777,2019-01-07,7787.66015625,5698.07170647879
3778,2019-01-08,7702.1201171875,5699.443188011377
3779,2019-01-09,7855.22021484375,5700.814669543965
3780,2019-01-10,7985.22998046875,5702.186151076552
3781,2019-01-14,8024.14013671875,5703.55763260914
3782,2019-01-16,7864.7001953125,5704.929114141727
3783,2019-01-17,7927.2001953125,5706.3005956743145
3784,2019-01-18,8047.1201171875,5707.672077206902
3785,2019-01-22,8008.669921875,5709.0435587394895
3786,2019-01-23,7989.64990234375,5710.415040272077
3787,2019-01-25,8053.2001953125,5711.7865218046645
3788,2019-01-29,8050.81982421875,5713.158003337252
3789,2019-01-30,7979.9501953125,5714.5294848698395
3790,2019-01-31,8007.47998046875,5715.900966402427
3791,2019-02-01,8144.16015625,5717.2724479350145
3792,2019-02-04,8069.47998046875,5718.643929467604
3793,2019-02-06,8058.4501953125,5720.015411000191
3794,2019-02-07,8100.2998046875,5721.386892532779
3795,2019-02-08,8070.89013671875,5722.758374065366
3796,2019-02-11,8061.5400390625,5724.129855597954
3797,2019-02-12,8009.919921875,5725.501337130541
3798,2019-02-13,7920.240234375,5726.872818663129
3799,2019-02-18,7910.580078125,5728.244300195716
3800,2019-02-19,7833.75,5729.615781728304
3801,2019-02-20,7939.240234375,5730.987263260891
3802,2019-02-21,7931.2998046875,5732.358744793479
3803,2019-02-22,7962.1298828125,5733.730226326066
3804,2019-02-26,7988.16015625,5735.101707858654
3805,2019-02-27,7889.1201171875,5736.473189391241
3806,2019-02-28,7705.490234375,5737.844670923829
3807,2019-03-01,7641.77001953125,5739.216152456416
3808,2019-03-04,7675.47021484375,5740.587633989004
3809,2019-03-05,7670.6201171875,5741.959115521591
3810,2019-03-06,7821.33984375,5743.330597054179
3811,2019-03-07,7881.7900390625,5744.702078586766
3812,2019-03-08,7797.10986328125,5746.073560119354
3813,2019-03-11,7708.72021484375,5747.445041651941
3814,2019-03-12,7747.5400390625,5748.8165231845305
3815,2019-03-13,7766.14990234375,5750.188004717118
3816,2019-03-14,7750.419921875,5751.5594862497055
3817,2019-03-18,7873.02001953125,5752.930967782293
3818,2019-03-19,7843.41015625,5754.3024493148805
3819,2019-03-21,7954.72021484375,5755.673930847468
3820,2019-03-22,8013.419921875,5757.0454123800555
3821,2019-03-25,7863.02001953125,5758.416893912643
3822,2019-03-26,7907.02978515625,5759.7883754452305
3823,2019-03-27,7861.0498046875,5761.159856977818
3824,2019-03-28,7876.39990234375,5762.5313385104055
3825,2019-04-01,7840.31005859375,5763.902820042993
3826,2019-04-02,7879.2099609375,5765.2743015755805
3827,2019-04-05,7873.18017578125,5766.645783108168
3828,2019-04-08,7915.6298828125,5768.0172646407555
3829,2019-04-10,8008.52978515625,5769.388746173343
3830,2019-04-11,7955.7998046875,5770.76022770593
3831,2019-04-12,7880.81982421875,5772.131709238518
3832,2019-04-15,7787.97998046875,5773.503190771105
3833,2019-04-16,7826.4599609375,5774.874672303693
3834,2019-04-17,7835.14990234375,5776.24615383628
3835,2019-04-22,7832.43017578125,5777.61763536887
3836,2019-04-23,7818.93017578125,5778.989116901457
3837,2019-04-24,7846.990234375,5780.360598434045
3838,2019-04-25,7894.4501953125,5781.732079966632
3839,2019-04-30,7952.72021484375,5783.10356149922
3840,2019-05-02,8001.56982421875,5784.475043031807
3841,2019-05-07,7910.6298828125,5785.846524564395
3842,2019-05-08,7926.68994140625,5787.218006096982
3843,2019-05-09,7755.6201171875,5788.58948762957
3844,2019-05-14,7646.66015625,5789.960969162157
3845,2019-05-15,7576.7099609375,5791.332450694745
3846,2019-05-17,7583.81982421875,5792.703932227332
3847,2019-05-20,7660.14013671875,5794.07541375992
3848,2019-05-21,7721.56005859375,5795.446895292507
3849,2019-05-22,7815.06982421875,5796.818376825095
3850,2019-05-23,7804.02978515625,5798.189858357682
3851,2019-05-27,7725.009765625,5799.56133989027
3852,2019-05-29,7797.75,5800.932821422857
3853,2019-05-30,7836.5498046875,5802.304302955445
3854,2019-05-31,7970.02001953125,5803.675784488032
3855,2019-06-03,8084.8798828125,5805.04726602062
3856,2019-06-04,7945.3701171875,5806.418747553209
3857,2019-06-06,7959.85986328125,5807.790229085796
3858,2019-06-07,7983.97998046875,5809.161710618384
3859,2019-06-11,8030.97998046875,5810.533192150971
3860,2019-06-13,8051.759765625,5811.904673683559
3861,2019-06-14,7990.2001953125,5813.276155216146
3862,2019-06-17,7908.990234375,5814.647636748734
3863,2019-06-18,7922.0400390625,5816.019118281321
3864,2019-06-19,8017.009765625,5817.390599813909
3865,2019-06-20,8022.419921875,5818.762081346496
3866,2019-06-21,8055.47021484375,5820.133562879084
3867,2019-06-24,8060.580078125,5821.505044411671
3868,2019-06-26,8013.56982421875,5822.876525944259
3869,2019-06-27,8057.64013671875,5824.248007476846
3870,2019-06-28,7999.7099609375,5825.619489009434
3871,2019-07-01,8043.7099609375,5826.990970542021
3872,2019-07-02,8093.60009765625,5828.362452074609
3873,2019-07-03,8092.68017578125,5829.733933607196
3874,2019-07-05,8117.93994140625,5831.105415139784
3875,2019-07-08,8051.52001953125,5832.476896672371
3876,2019-07-10,8078.2099609375,5833.848378204959
3877,2019-07-11,8154.490234375,5835.219859737546
3878,2019-07-12,8141.81982421875,5836.591341270136
3879,2019-07-15,8365.2900390625,5837.962822802723
3880,2019-07-16,8263.5703125,5839.334304335311
3881,2019-07-17,8233.48046875,5840.705785867898
3882,2019-07-19,8270.0703125,5842.077267400486
3883,2019-07-22,8246.830078125,5843.448748933073
3884,2019-07-25,8272.1796875,5844.820230465661
3885,2019-07-26,8183.990234375,5846.191711998248
3886,2019-07-29,8188.52001953125,5847.563193530836
3887,2019-07-31,8045.7998046875,5848.934675063423
3888,2019-08-01,8098.16015625,5850.306156596011
3889,2019-08-02,8129.93017578125,5851.677638128598
3890,2019-08-05,7890.02001953125,5853.049119661186
3891,2019-08-06,7766.75,5854.420601193773
3892,2019-08-07,7917.39013671875,5855.792082726361
3893,2019-08-09,7854.39013671875,5857.163564258948
3894,2019-08-13,7788.4501953125,5858.535045791536
3895,2019-08-16,7795.97998046875,5859.906527324123
3896,2019-08-19,7938.35009765625,5861.278008856711
3897,2019-08-22,7848.830078125,5862.649490389298
3898,2019-08-23,7889.41015625,5864.020971921886
3899,2019-08-27,7747.3798828125,5865.392453454475
3900,2019-08-28,7847.5,5866.763934987062
3901,2019-08-29,7892.81005859375,5868.13541651965
3902,2019-08-30,7979.66015625,5869.506898052237
3903,2019-09-02,7918.52978515625,5870.878379584825
3904,2019-09-03,7804.7099609375,5872.249861117412
3905,2019-09-04,7840.85986328125,5873.62134265
3906,2019-09-05,7898.18994140625,5874.992824182587
3907,2019-09-09,7960.1201171875,5876.364305715175
3908,2019-09-10,7929.47998046875,5877.735787247762
3909,2019-09-11,7967.89990234375,5879.10726878035
3910,2019-09-12,7944.43017578125,5880.478750312937
3911,2019-09-13,7992.31982421875,5881.850231845525
3912,2019-09-17,7932.22998046875,5883.221713378112
3913,2019-09-18,7915.2900390625,5884.5931949107
3914,2019-09-19,7911.31982421875,5885.964676443287
3915,2019-09-20,7871.10986328125,5887.336157975875
3916,2019-09-23,7867.509765625,5888.707639508462
3917,2019-09-24,7893.93994140625,5890.07912104105
3918,2019-09-25,7896.240234375,5891.450602573637
3919,2019-09-26,7896.47998046875,5892.822084106225
3920,2019-09-27,7819.22021484375,5894.193565638814
3921,2019-09-30,7779.06982421875,5895.565047171402
3922,2019-10-01,7739.85986328125,5896.936528703989
3923,2019-10-03,7545.5498046875,5898.308010236577
3924,2019-10-04,7704.60009765625,5899.679491769164
3925,2019-10-07,7683.22021484375,5901.050973301752
3926,2019-10-08,7756.72021484375,5902.422454834339
3927,2019-10-09,7681.25,5903.793936366927
3928,2019-10-11,7849.93994140625,5905.165417899514
3929,2019-10-14,7884.2900390625,5906.536899432102
3930,2019-10-15,7840.31005859375,5907.908380964689
3931,2019-10-16,7915.2998046875,5909.279862497277
3932,2019-10-17,7930.5498046875,5910.651344029864
3933,2019-10-18,7885.22998046875,5912.0228255624515
3934,2019-10-22,7955.240234375,5913.394307095039
3935,2019-10-23,7933.759765625,5914.7657886276265
3936,2019-10-24,7950.97998046875,5916.137270160214
3937,2019-10-25,7922.5,5917.5087516928015
3938,2019-10-28,7946.52978515625,5918.880233225389
3939,2019-10-31,7977.1201171875,5920.2517147579765
3940,2019-11-04,8059.64990234375,5921.623196290564
3941,2019-11-05,8104.85009765625,5922.9946778231515
3942,2019-11-06,8025.8798828125,5924.366159355741
3943,2019-11-12,8012.33984375,5925.737640888328
3944,2019-11-13,7947.47021484375,5927.109122420916
3945,2019-11-15,7932.9599609375,5928.480603953503
3946,2019-11-18,7880.93994140625,5929.852085486091
3947,2019-11-19,7912.14013671875,5931.223567018678
3948,2019-11-20,7898.06005859375,5932.595048551266
3949,2019-11-22,7818.89013671875,5933.966530083853
3950,2019-11-25,7771.6201171875,5935.338011616441
3951,2019-11-26,7707.7998046875,5936.709493149028
3952,2019-11-27,7836.89013671875,5938.080974681616
3953,2019-11-28,7768.66015625,5939.452456214203
3954,2019-11-29,7738.9599609375,5940.823937746791
3955,2019-12-02,7877.18994140625,5942.195419279378
3956,2019-12-03,7855.18017578125,5943.566900811966
3957,2019-12-04,7815.93017578125,5944.938382344553
3958,2019-12-05,7790.91015625,5946.309863877141
3959,2019-12-06,7801.72021484375,5947.681345409728
3960,2019-12-09,7779.7998046875,5949.052826942316
3961,2019-12-10,7736.18017578125,5950.424308474903
3962,2019-12-11,7786.41015625,5951.795790007491
3963,2019-12-12,7741.06982421875,5953.16727154008
3964,2019-12-17,7730.4501953125,5954.5387530726675
3965,2019-12-18,7733.669921875,5955.910234605255
3966,2019-12-19,7653.93994140625,5957.2817161378425
3967,2019-12-20,7773.1201171875,5958.65319767043
3968,2019-12-26,7842.27978515625,5960.0246792030175
3969,2019-12-27,7815.259765625,5961.396160735605
3970,2020-01-02,7742.52978515625,5962.7676422681925
3971,2020-01-03,7839.7900390625,5964.13912380078
3972,2020-01-06,7797.8701171875,5965.5106053333675
3973,2020-01-07,7840.7001953125,5966.882086865955
3974,2020-01-08,7736.240234375,5968.2535683985425
3975,2020-01-09,7797.64013671875,5969.62504993113
3976,2020-01-10,7776.77001953125,5970.9965314637175
3977,2020-01-14,7793.25,5972.368012996305
3978,2020-01-15,7664.39990234375,5973.7394945288925
3979,2020-01-16,7653.18017578125,5975.11097606148
3980,2020-01-17,7722.580078125,5976.4824575940675
3981,2020-01-20,7552.60009765625,5977.853939126655
3982,2020-01-21,7466.64990234375,5979.225420659242
3983,2020-01-22,7468.72998046875,5980.59690219183
3984,2020-01-23,7616.35009765625,5981.968383724419
3985,2020-01-24,7623.41015625,5983.339865257007
3986,2020-01-27,7587.6298828125,5984.711346789594
3987,2020-01-28,7468.7001953125,5986.082828322182
3988,2020-01-29,7462.31005859375,5987.454309854769
3989,2020-01-31,7200.7900390625,5988.825791387357
3990,2020-02-03,7137.02978515625,5990.197272919944
3991,2020-02-04,7226.89990234375,5991.568754452532
3992,2020-02-06,7506.2099609375,5992.940235985119
3993,2020-02-07,7507.2001953125,5994.311717517707
3994,2020-02-11,7439.39990234375,5995.683199050294
3995,2020-02-12,7383.10009765625,5997.054680582882
3996,2020-02-13,7403.1201171875,5998.426162115469
3997,2020-02-17,7326.85009765625,5999.797643648057
3998,2020-02-18,7322.89013671875,6001.169125180644
3999,2020-02-20,7413.0,6002.540606713232
4000,2020-02-21,7369.77978515625,6003.912088245819
4001,2020-02-24,7187.43994140625,6005.283569778407
4002,2020-02-26,6909.83984375,6006.655051310994
4003,2020-02-27,6967.83984375,6008.026532843582
4004,2020-03-02,6749.27978515625,6009.398014376169
4005,2020-03-03,6790.5400390625,6010.769495908757
4006,2020-03-04,6867.259765625,6012.140977441346
4007,2020-03-05,6884.77001953125,6013.5124589739335
4008,2020-03-09,6312.60986328125,6014.883940506521
4009,2020-03-10,6318.3798828125,6016.255422039108
4010,2020-03-11,6353.259765625,6017.626903571696
4011,2020-03-12,5736.27001953125,6018.998385104283
4012,2020-03-13,5793.93994140625,6020.369866636871
4013,2020-03-16,5335.3701171875,6021.741348169458
4014,2020-03-19,4623.419921875,6023.112829702046
4015,2020-03-20,4778.759765625,6024.484311234633
4016,2020-03-23,4743.3701171875,6025.855792767221
4017,2020-03-24,4774.27001953125,6027.227274299808
4018,2020-03-26,5401.580078125,6028.598755832396
4019,2020-03-30,5131.16015625,6029.970237364983
4020,2020-03-31,5321.22998046875,6031.341718897571
4021,2020-04-01,5408.52001953125,6032.713200430158
4022,2020-04-02,5342.31005859375,6034.084681962746
4023,2020-04-03,5346.97021484375,6035.456163495333
4024,2020-04-06,5570.81005859375,6036.827645027921
4025,2020-04-07,5650.009765625,6038.199126560508
4026,2020-04-08,5510.830078125,6039.570608093096
4027,2020-04-13,5610.97998046875,6040.942089625685
4028,2020-04-14,5780.8798828125,6042.313571158273
4029,2020-04-15,5946.0498046875,6043.68505269086
4030,2020-04-16,5525.60009765625,6045.056534223448
4031,2020-04-21,5592.25,6046.428015756035
4032,2020-04-22,5573.75,6047.799497288623
4033,2020-04-23,5599.5498046875,6049.17097882121
4034,2020-04-24,5464.97998046875,6050.542460353798
4035,2020-04-27,5450.4501953125,6051.913941886385
4036,2020-04-28,5574.97998046875,6053.285423418973
4037,2020-04-29,5643.97021484375,6054.65690495156
4038,2020-05-05,5671.669921875,6056.028386484148
4039,2020-05-06,5639.27001953125,6057.399868016735
4040,2020-05-07,5653.16015625,6058.771349549323
4041,2020-05-08,5621.93994140625,6060.14283108191
4042,2020-05-11,5667.93017578125,6061.514312614498
4043,2020-05-12,5651.669921875,6062.885794147085
4044,2020-05-13,5626.25,6064.257275679673
4045,2020-05-14,5654.7001953125,6065.62875721226
4046,2020-05-15,5654.7001953125,6067.000238744848
4047,2020-05-18,5479.35009765625,6068.371720277435
4048,2020-05-19,5555.85009765625,6069.743201810024
4049,2020-05-20,5581.9599609375,6071.114683342612
4050,2020-05-22,5604.490234375,6072.486164875199
4051,2020-05-26,5496.830078125,6073.857646407787
4052,2020-05-27,5523.77978515625,6075.229127940374
4053,2020-05-28,5570.22021484375,6076.600609472962
4054,2020-05-29,5838.83984375,6077.972091005549
4055,2020-06-01,5930.169921875,6079.343572538137
4056,2020-06-02,6025.169921875,6080.715054070724
4057,2020-06-03,6245.64990234375,6082.086535603312
4058,2020-06-09,6583.83984375,6083.458017135899
4059,2020-06-10,6439.3701171875,6084.829498668487
4060,2020-06-15,6163.81982421875,6086.200980201074
4061,2020-06-17,6282.009765625,6087.572461733662
4062,2020-06-18,6348.4501953125,6088.943943266249
4063,2020-06-19,6315.06982421875,6090.315424798837
4064,2020-06-22,6347.43017578125,6091.686906331424
4065,2020-06-23,6297.77978515625,6093.058387864012
4066,2020-06-24,6188.830078125,6094.429869396599
4067,2020-06-25,6118.259765625,6095.801350929187
4068,2020-06-26,6191.83984375,6097.172832461774
4069,2020-06-29,6105.18017578125,6098.544313994362
4070,2020-07-01,6209.7099609375,6099.915795526951
4071,2020-07-02,6364.080078125,6101.287277059539
4072,2020-07-03,6372.66015625,6102.658758592126
4073,2020-07-06,6328.41015625,6104.030240124714
4074,2020-07-07,6267.39990234375,6105.401721657301
4075,2020-07-09,6192.580078125,6106.773203189889
4076,2020-07-10,6197.3798828125,6108.144684722476
4077,2020-07-13,6172.56982421875,6109.516166255064
4078,2020-07-14,6172.81005859375,6110.887647787651
4079,2020-07-15,6016.509765625,6112.259129320239
4080,2020-07-16,6147.66015625,6113.630610852826
4081,2020-07-17,6088.75,6115.002092385414
4082,2020-07-20,6150.7001953125,6116.373573918001
4083,2020-07-21,6136.31005859375,6117.745055450589
4084,2020-07-22,6064.259765625,6119.116536983176
4085,2020-07-23,6029.009765625,6120.4880185157635
4086,2020-07-24,6003.259765625,6121.859500048351
4087,2020-07-27,5860.93994140625,6123.2309815809385
4088,2020-07-28,5927.10986328125,6124.602463113526
4089,2020-07-29,5966.27001953125,6125.9739446461135
4090,2020-07-30,5928.4501953125,6127.345426178701
4091,2020-08-03,5715.919921875,6128.71690771129
4092,2020-08-04,5775.5,6130.088389243878
4093,2020-08-05,5833.580078125,6131.459870776465
4094,2020-08-06,5902.580078125,6132.831352309053
4095,2020-08-07,5846.02001953125,6134.20283384164
4096,2020-08-12,5995.0,6135.574315374228
4097,2020-08-13,6097.77978515625,6136.945796906815
4098,2020-08-14,6076.91015625,6138.317278439403
4099,2020-08-18,6156.4501953125,6139.68875997199
4100,2020-08-19,6042.1201171875,6141.060241504578
4101,2020-08-20,6005.39990234375,6142.431723037165
4102,2020-08-24,5943.580078125,6143.803204569753
4103,2020-08-27,5921.5498046875,6145.17468610234
4104,2020-08-28,5884.18017578125,6146.546167634928
4105,2020-09-03,5772.85986328125,6147.917649167515
4106,2020-09-04,5785.08984375,6149.289130700103
4107,2020-09-09,5932.83984375,6150.66061223269
4108,2020-09-10,5902.39013671875,6152.032093765278
4109,2020-09-11,5967.9599609375,6153.403575297865
4110,2020-09-14,5997.14013671875,6154.775056830453
4111,2020-09-15,6018.2099609375,6156.14653836304
4112,2020-09-16,5946.6201171875,6157.51801989563
4113,2020-09-17,5943.52001953125,6158.889501428217
4114,2020-09-21,5909.31982421875,6160.2609829608045
4115,2020-09-22,5894.27978515625,6161.632464493392
4116,2020-09-23,5892.72021484375,6163.0039460259795
4117,2020-09-24,5845.7998046875,6164.375427558567
4118,2020-09-25,5838.66015625,6165.7469090911545
4119,2020-09-28,5861.39013671875,6167.118390623742
4120,2020-10-01,5944.8701171875,6168.4898721563295
4121,2020-10-06,5910.64013671875,6169.861353688917
4122,2020-10-08,5942.66015625,6171.2328352215045
4123,2020-10-09,5931.60986328125,6172.604316754092
4124,2020-10-12,5937.0498046875,6173.9757982866795
4125,2020-10-13,5923.22998046875,6175.347279819267
4126,2020-10-14,5925.2998046875,6176.7187613518545
4127,2020-10-15,5938.330078125,6178.090242884442
4128,2020-10-16,5898.47021484375,6179.4617244170295
4129,2020-10-19,6019.259765625,6180.833205949617
4130,2020-10-20,6112.7099609375,6182.2046874822045
4131,2020-10-21,6278.58984375,6183.576169014792
4132,2020-10-22,6344.6298828125,6184.947650547379
4133,2020-10-26,6491.18994140625,6186.319132079967
4134,2020-10-27,6415.080078125,6187.690613612556
4135,2020-10-28,6377.7900390625,6189.062095145144
4136,2020-10-29,6249.39013671875,6190.433576677731
4137,2020-11-03,6335.56005859375,6191.805058210319
4138,2020-11-05,6644.77001953125,6193.176539742906
4139,2020-11-06,6685.68994140625,6194.548021275494
4140,2020-11-09,6685.85009765625,6195.919502808081
4141,2020-11-10,7035.47998046875,6197.290984340669
4142,2020-11-11,7024.259765625,6198.662465873256
4143,2020-11-13,6969.8798828125,6200.033947405844
4144,2020-11-16,6918.0498046875,6201.405428938431
4145,2020-11-17,6959.14013671875,6202.776910471019
4146,2020-11-18,7051.77978515625,6204.148392003606
4147,2020-11-19,6997.6201171875,6205.519873536194
4148,2020-11-23,7178.6201171875,6206.891355068781
4149,2020-11-24,7108.669921875,6208.262836601369
4150,2020-11-26,6927.75,6209.634318133956
4151,2020-11-27,6791.4599609375,6211.005799666544
4152,2020-12-02,7080.6201171875,6212.377281199131
4153,2020-12-03,7194.1298828125,6213.748762731719
4154,2020-12-04,7134.56005859375,6215.120244264306
4155,2020-12-10,7154.43017578125,6216.4917257968955
4156,2020-12-14,7281.35009765625,6217.863207329483
4157,2020-12-15,7227.72998046875,6219.2346888620705
4158,2020-12-16,7299.7001953125,6220.606170394658
4159,2020-12-17,7298.02001953125,6221.9776519272455
4160,2020-12-18,7272.7998046875,6223.349133459833
4161,2020-12-21,7224.89013671875,6224.72061499242
4162,2020-12-22,7202.39013671875,6226.092096525008
4163,2020-12-23,7204.3798828125,6227.463578057595
4164,2020-12-24,7204.3798828125,6228.835059590183
4165,2020-12-28,7122.25,6230.20654112277
4166,2020-12-29,7139.7099609375,6231.578022655358
4167,2021-01-04,7197.5,6232.949504187945
4168,2021-01-05,7134.18017578125,6234.320985720533
4169,2021-01-06,7047.85009765625,6235.69246725312
4170,2021-01-07,7119.60986328125,6237.063948785708
4171,2021-01-08,7289.8798828125,6238.435430318295
4172,2021-01-11,7304.7900390625,6239.806911850883
4173,2021-01-14,7273.14990234375,6241.17839338347
4174,2021-01-15,7238.4599609375,6242.549874916058
4175,2021-01-18,7203.43994140625,6243.921356448645
4176,2021-01-19,7198.4501953125,6245.292837981235
4177,2021-01-20,7143.2998046875,6246.664319513822
4178,2021-01-25,7071.5,6248.03580104641
4179,2021-01-26,6977.16015625,6249.407282578997
4180,2021-01-27,6863.60986328125,6250.778764111585
4181,2021-01-28,6851.83984375,6252.150245644172
4182,2021-01-29,6612.6201171875,6253.52172717676
4183,2021-02-01,6814.759765625,6254.893208709347
4184,2021-02-02,6867.8798828125,6256.264690241935
4185,2021-02-03,6859.4599609375,6257.636171774522
4186,2021-02-04,6903.75,6259.00765330711
4187,2021-02-05,7019.18017578125,6260.379134839697
4188,2021-02-08,7024.47998046875,6261.750616372285
4189,2021-02-09,7065.5498046875,6263.122097904872
4190,2021-02-10,7082.14990234375,6264.49357943746
4191,2021-02-11,6991.009765625,6265.865060970047
4192,2021-02-15,6959.2099609375,6267.236542502635
4193,2021-02-16,7044.06005859375,6268.608024035222
4194,2021-02-18,6849.64013671875,6269.97950556781
4195,2021-02-19,6926.41015625,6271.350987100397
4196,2021-02-22,6810.33984375,6272.722468632985
4197,2021-02-23,6814.669921875,6274.093950165572
4198,2021-02-24,6755.9501953125,6275.465431698161
4199,2021-03-01,6872.97021484375,6276.836913230749
4200,2021-03-02,6919.5400390625,6278.208394763336
4201,2021-03-03,6942.759765625,6279.579876295924
4202,2021-03-04,6882.490234375,6280.951357828511
4203,2021-03-05,6881.3701171875,6282.322839361099
4204,2021-03-08,6756.919921875,6283.694320893686
4205,2021-03-10,6808.31982421875,6285.065802426274
4206,2021-03-11,6719.18017578125,6286.437283958861
4207,2021-03-12,6728.5498046875,6287.808765491449
4208,2021-03-16,6559.080078125,6289.180247024036
4209,2021-03-18,6630.85009765625,6290.551728556624
4210,2021-03-23,6446.35009765625,6291.923210089211
4211,2021-03-24,6497.009765625,6293.294691621799
4212,2021-03-25,6581.0,6294.666173154386
4213,2021-03-26,6544.6298828125,6296.037654686974
4214,2021-03-29,6607.77978515625,6297.409136219561
4215,2021-03-30,6545.5498046875,6298.780617752149
4216,2021-03-31,6443.08984375,6300.152099284736
4217,2021-04-05,6495.14990234375,6301.523580817324
4218,2021-04-07,6651.7099609375,6302.895062349911
4219,2021-04-08,6545.169921875,6304.266543882501
4220,2021-04-12,6518.64013671875,6305.638025415088
4221,2021-04-14,6523.2099609375,6307.009506947676
4222,2021-04-15,6539.9599609375,6308.380988480263
4223,2021-04-16,6494.81005859375,6309.752470012851
4224,2021-04-20,6500.419921875,6311.123951545438
4225,2021-04-22,6415.52978515625,6312.495433078026
4226,2021-04-23,6378.06982421875,6313.866914610613
4227,2021-04-26,6389.3798828125,6315.238396143201
4228,2021-04-28,6469.14013671875,6316.609877675788
4229,2021-04-29,6487.509765625,6317.981359208376
4230,2021-04-30,6370.8701171875,6319.352840740963
4231,2021-05-03,6369.27978515625,6320.724322273551
4232,2021-05-04,6359.14990234375,6322.095803806138
4233,2021-05-06,6282.77978515625,6323.467285338726
4234,2021-05-07,6258.7099609375,6324.838766871313
4235,2021-05-10,6317.41015625,6326.210248403901
4236,2021-05-11,6326.830078125,6327.581729936488
4237,2021-05-12,6236.39990234375,6328.9532114690755
4238,2021-05-17,6283.580078125,6330.324693001663
4239,2021-05-18,6244.740234375,6331.6961745342505
4240,2021-05-19,6245.7099609375,6333.06765606684
4241,2021-05-20,6197.64013671875,6334.439137599427
4242,2021-05-24,6164.89013671875,6335.810619132015
4243,2021-05-25,6196.7099609375,6337.182100664602
4244,2021-05-26,6341.240234375,6338.55358219719
4245,2021-05-27,6665.14013671875,6339.925063729777
4246,2021-05-28,6674.509765625,6341.296545262365
4247,2021-06-01,6627.43017578125,6342.668026794952
4248,2021-06-02,6841.68994140625,6344.03950832754
4249,2021-06-03,6791.8701171875,6345.410989860127
4250,2021-06-04,6796.33984375,6346.782471392715
4251,2021-06-07,6763.919921875,6348.153952925302
4252,2021-06-08,6809.72021484375,6349.52543445789
4253,2021-06-09,6902.5400390625,6350.896915990477
4254,2021-06-10,6875.7099609375,6352.268397523065
4255,2021-06-11,6907.7900390625,6353.639879055652
4256,2021-06-14,6917.490234375,6355.01136058824
4257,2021-06-15,6976.72998046875,6356.382842120827
4258,2021-06-16,6973.35009765625,6357.754323653415
4259,2021-06-17,6887.919921875,6359.125805186002
4260,2021-06-18,6851.3798828125,6360.49728671859
4261,2021-06-22,6870.41015625,6361.868768251177
4262,2021-06-24,6886.0,6363.240249783767
4263,2021-06-25,6950.509765625,6364.611731316354
4264,2021-06-29,6956.64990234375,6365.983212848942
4265,2021-07-01,6964.009765625,6367.354694381529
4266,2021-07-02,7002.259765625,6368.7261759141165
4267,2021-07-06,6992.43017578125,6370.097657446704
4268,2021-07-07,6943.0,6371.4691389792915
4269,2021-07-08,6924.990234375,6372.840620511879
4270,2021-07-12,6913.8701171875,6374.2121020444665
4271,2021-07-13,6795.1298828125,6375.583583577054
4272,2021-07-14,6835.41015625,6376.9550651096415
4273,2021-07-16,6693.830078125,6378.326546642229
4274,2021-07-19,6587.2001953125,6379.6980281748165
4275,2021-07-21,6476.2099609375,6381.069509707404
4276,2021-07-22,6576.6201171875,6382.4409912399915
4277,2021-07-26,6372.60986328125,6383.812472772579
4278,2021-07-27,6522.580078125,6385.1839543051665
4279,2021-07-29,6496.52978515625,6386.555435837754
4280,2021-07-30,6270.22998046875,6387.9269173703415
4281,2021-08-02,6446.31005859375,6389.298398902929
4282,2021-08-03,6560.06005859375,6390.6698804355165
4283,2021-08-04,6585.2099609375,6392.041361968106
4284,2021-08-05,6547.27001953125,6393.412843500693
4285,2021-08-09,6632.56982421875,6394.784325033281
4286,2021-08-11,6666.85986328125,6396.155806565868
4287,2021-08-12,6556.56982421875,6397.527288098456
4288,2021-08-13,6320.18994140625,6398.898769631043
4289,2021-08-16,6513.68017578125,6400.270251163631
4290,2021-08-17,6561.41015625,6401.641732696218
4291,2021-08-20,6633.22021484375,6403.013214228806
4292,2021-08-23,6591.669921875,6404.384695761393
4293,2021-08-24,6678.81982421875,6405.756177293981
4294,2021-08-25,6822.14990234375,6407.127658826568
4295,2021-08-26,6820.52978515625,6408.499140359156
4296,2021-08-27,6786.6201171875,6409.870621891743
4297,2021-08-31,6855.43994140625,6411.242103424331
4298,2021-09-01,6785.93994140625,6412.613584956918
4299,2021-09-02,6834.66015625,6413.985066489506
4300,2021-09-03,6897.1298828125,6415.356548022093
4301,2021-09-07,6912.7099609375,6416.728029554681
4302,2021-09-08,6949.39013671875,6418.099511087268
4303,2021-09-09,6924.02001953125,6419.470992619856
4304,2021-09-10,6970.509765625,6420.842474152445
4305,2021-09-13,6968.14013671875,6422.2139556850325
4306,2021-09-14,6920.35986328125,6423.58543721762
4307,2021-09-15,6880.2001953125,6424.9569187502075
4308,2021-09-17,6912.85009765625,6426.328400282795
4309,2021-09-20,6857.89990234375,6427.6998818153825
4310,2021-09-22,6890.72998046875,6429.07136334797
4311,2021-09-23,6915.27978515625,6430.4428448805575
4312,2021-09-24,6951.52978515625,6431.814326413145
4313,2021-09-27,6956.259765625,6433.185807945732
4314,2021-09-28,6885.35986328125,6434.55728947832
4315,2021-09-29,6934.10986328125,6435.928771010907
4316,2021-09-30,6952.8798828125,6437.300252543495
4317,2021-10-01,6923.60009765625,6438.671734076082
4318,2021-10-04,6960.89013671875,6440.04321560867
4319,2021-10-05,6981.240234375,6441.414697141257
4320,2021-10-06,7057.4501953125,6442.786178673845
4321,2021-10-08,6906.85986328125,6444.157660206432
4322,2021-10-11,7124.009765625,6445.52914173902
4323,2021-10-13,7068.919921875,6446.900623271607
4324,2021-10-14,7183.10986328125,6448.272104804195
4325,2021-10-18,7219.81005859375,6449.643586336782
4326,2021-10-19,7266.31005859375,6451.015067869372
4327,2021-10-20,7297.080078125,6452.386549401959
4328,2021-10-21,7311.72021484375,6453.758030934547
4329,2021-10-22,7289.60986328125,6455.129512467134
4330,2021-10-25,7211.5400390625,6456.500993999722
4331,2021-10-26,7252.10009765625,6457.872475532309
4332,2021-10-28,7157.72998046875,6459.243957064897
4333,2021-10-29,7054.7001953125,6460.615438597484
4334,2021-11-02,7106.009765625,6461.986920130072
4335,2021-11-03,7184.72021484375,6463.358401662659
4336,2021-11-04,7203.72021484375,6464.729883195247
4337,2021-11-08,7396.22021484375,6466.101364727834
4338,2021-11-09,7441.669921875,6467.472846260422
4339,2021-11-10,7375.68017578125,6468.844327793009
4340,2021-11-11,7331.64990234375,6470.215809325597
4341,2021-11-12,7382.83984375,6471.587290858184
4342,2021-11-15,7342.3701171875,6472.958772390772
4343,2021-11-16,7367.419921875,6474.330253923359
4344,2021-11-17,7349.81982421875,6475.701735455947
4345,2021-11-19,7280.56982421875,6477.073216988534
4346,2021-11-22,7282.669921875,6478.444698521122
4347,2021-11-24,7419.10009765625,6479.816180053711
4348,2021-11-25,7369.27001953125,6481.187661586298
4349,2021-11-26,7278.43994140625,6482.559143118886
4350,2021-12-01,6947.06005859375,6483.930624651473
4351,2021-12-02,7032.5400390625,6485.302106184061
4352,2021-12-03,7055.18994140625,6486.673587716648
4353,2021-12-06,7130.740234375,6488.045069249236
4354,2021-12-07,7147.2998046875,6489.416550781823
4355,2021-12-09,7234.919921875,6490.788032314411
4356,2021-12-10,7192.169921875,6492.159513846998
4357,2021-12-13,7197.60986328125,6493.530995379586
4358,2021-12-14,7241.990234375,6494.902476912173
4359,2021-12-15,7132.580078125,6496.273958444761
4360,2021-12-16,7233.259765625,6497.645439977348
4361,2021-12-17,7297.66015625,6499.016921509936
4362,2021-12-20,7237.60986328125,6500.388403042523
4363,2021-12-21,7167.06005859375,6501.759884575111
4364,2021-12-22,7119.18994140625,6503.131366107698
4365,2021-12-23,7248.0498046875,6504.502847640286
4366,2021-12-24,7181.85986328125,6505.874329172873
4367,2021-12-27,7254.7998046875,6507.245810705461
4368,2021-12-28,7286.56005859375,6508.61729223805
4369,2021-12-29,7334.56005859375,6509.988773770638
4370,2021-12-31,7122.6298828125,6511.360255303225
4371,2022-01-05,7091.39990234375,6512.731736835813
4372,2022-01-06,7085.52001953125,6514.1032183684
4373,2022-01-07,7011.10986328125,6515.474699900988
4374,2022-01-12,7215.1298828125,6516.846181433575
4375,2022-01-14,7261.33984375,6518.217662966163
4376,2022-01-17,7223.830078125,6519.58914449875
4377,2022-01-18,7343.9599609375,6520.960626031338
4378,2022-01-19,7261.5400390625,6522.332107563925
4379,2022-01-20,7239.27978515625,6523.703589096513
4380,2022-01-21,7293.52001953125,6525.0750706291
4381,2022-01-24,7252.64013671875,6526.446552161688
4382,2022-01-25,7288.2099609375,6527.818033694275
4383,2022-01-26,7253.60986328125,6529.189515226863
4384,2022-01-27,7273.52001953125,6530.56099675945
4385,2022-01-28,7251.97021484375,6531.932478292038
4386,2022-01-31,7361.64990234375,6533.303959824625
4387,2022-02-03,7382.77001953125,6534.675441357213
4388,2022-02-04,7456.35009765625,6536.0469228898
4389,2022-02-07,7380.2998046875,6537.4184044223875
4390,2022-02-08,7458.22998046875,6538.789885954977
4391,2022-02-10,7432.6201171875,6540.161367487564
4392,2022-02-11,7270.35986328125,6541.532849020152
4393,2022-02-14,7361.14990234375,6542.904330552739
4394,2022-02-17,7438.93017578125,6544.275812085327
4395,2022-02-18,7418.7900390625,6545.647293617914
4396,2022-02-21,7372.25,6547.018775150502
4397,2022-02-22,7440.91015625,6548.390256683089
4398,2022-02-23,7364.2099609375,6549.761738215677
4399,2022-02-24,7212.22998046875,6551.133219748264
4400,2022-03-02,7304.02001953125,6552.504701280852
4401,2022-03-03,7388.08984375,6553.876182813439
4402,2022-03-04,7342.009765625,6555.247664346027
4403,2022-03-07,7288.06982421875,6556.619145878614
4404,2022-03-08,6977.72998046875,6557.990627411202
4405,2022-03-09,6989.8798828125,6559.362108943789
4406,2022-03-10,7124.7998046875,6560.733590476377
4407,2022-03-11,7112.18994140625,6562.105072008964
4408,2022-03-14,6816.9501953125,6563.476553541552
4409,2022-03-16,7026.4501953125,6564.848035074139
4410,2022-03-17,7122.4501953125,6566.219516606727
4411,2022-03-18,7007.6298828125,6567.590998139316
4412,2022-03-21,6956.60009765625,6568.962479671904
4413,2022-03-23,7009.43017578125,6570.333961204491
4414,2022-03-24,7082.60986328125,6571.705442737079
4415,2022-03-25,7124.83984375,6573.076924269666
4416,2022-03-28,7134.35986328125,6574.448405802254
4417,2022-03-29,7115.08984375,6575.819887334841
4418,2022-03-30,7167.02001953125,6577.1913688674285
4419,2022-04-01,7152.8798828125,6578.562850400016
4420,2022-04-06,7109.259765625,6579.9343319326035
4421,2022-04-07,6926.02978515625,6581.305813465191
4422,2022-04-08,7018.02001953125,6582.6772949977785
4423,2022-04-12,6895.35986328125,6584.048776530366
4424,2022-04-13,6984.89990234375,6585.4202580629535
4425,2022-04-19,7037.740234375,6586.791739595541
4426,2022-04-20,7142.419921875,6588.1632211281285
4427,2022-04-21,7061.490234375,6589.534702660716
4428,2022-04-22,6998.58984375,6590.9061841933035
4429,2022-04-25,7020.830078125,6592.277665725891
4430,2022-04-26,6980.02001953125,6593.6491472584785
4431,2022-04-27,6863.91015625,6595.020628791066
4432,2022-04-28,6909.4501953125,6596.392110323655
4433,2022-05-02,6721.080078125,6597.763591856243
4434,2022-05-04,6802.72998046875,6599.13507338883
4435,2022-05-05,6868.919921875,6600.506554921418
4436,2022-05-06,6759.89990234375,6601.878036454005
4437,2022-05-10,6720.93017578125,6603.249517986593
4438,2022-05-11,6635.85986328125,6604.62099951918
4439,2022-05-12,6532.2998046875,6605.992481051768
4440,2022-05-13,6379.169921875,6607.363962584355
4441,2022-05-16,6502.1201171875,6608.735444116943
4442,2022-05-17,6594.66015625,6610.10692564953
4443,2022-05-18,6727.60009765625,6611.478407182118
4444,2022-05-19,6660.0498046875,6612.849888714705
4445,2022-05-20,6746.330078125,6614.221370247293
4446,2022-05-23,6687.85009765625,6615.59285177988
4447,2022-05-25,6597.759765625,6616.964333312468
4448,2022-05-27,6726.14013671875,6618.335814845055
4449,2022-05-30,6822.31982421875,6619.707296377643
4450,2022-05-31,6774.68017578125,6621.07877791023
4451,2022-06-02,6686.830078125,6622.450259442818
4452,2022-06-03,6741.39990234375,6623.821740975405
4453,2022-06-06,6716.8798828125,6625.193222507993
4454,2022-06-07,6754.009765625,6626.564704040582
4455,2022-06-08,6769.6201171875,6627.9361855731695
4456,2022-06-10,6530.0400390625,6629.307667105757
4457,2022-06-13,6467.009765625,6630.6791486383445
4458,2022-06-14,6474.52978515625,6632.050630170932
4459,2022-06-16,6393.009765625,6633.4221117035195
4460,2022-06-17,6331.56005859375,6634.793593236107
4461,2022-06-20,6333.93994140625,6636.1650747686945
4462,2022-06-22,6168.0,6637.536556301282
4463,2022-06-23,6065.22998046875,6638.9080378338695
4464,2022-06-27,6238.81982421875,6640.279519366457
4465,2022-06-28,6345.41015625,6641.651000899044
4466,2022-06-29,6303.18994140625,6643.022482431632
4467,2022-06-30,6155.43017578125,6644.393963964219
4468,2022-07-04,6183.6201171875,6645.765445496807
4469,2022-07-05,6309.990234375,6647.136927029394
4470,2022-07-06,6445.009765625,6648.508408561982
4471,2022-07-07,6352.31982421875,6649.879890094569
4472,2022-07-08,6361.81982421875,6651.251371627157
4473,2022-07-11,6388.64013671875,6652.622853159744
4474,2022-07-12,6349.93994140625,6653.994334692332
4475,2022-07-13,6255.3701171875,6655.365816224921
4476,2022-07-14,6248.1298828125,6656.737297757509
4477,2022-07-15,6195.259765625,6658.108779290096
4478,2022-07-18,6268.77978515625,6659.480260822684
4479,2022-07-19,6286.240234375,6660.851742355271
4480,2022-07-20,6274.7998046875,6662.223223887859
4481,2022-07-21,6256.169921875,6663.594705420446
4482,2022-07-22,6263.39013671875,6664.966186953034
4483,2022-07-25,6209.52978515625,6666.337668485621
4484,2022-07-26,6223.0,6667.709150018209
4485,2022-07-27,6236.759765625,6669.080631550796
4486,2022-07-28,6379.259765625,6670.452113083384
4487,2022-07-29,6315.93017578125,6671.823594615971
4488,2022-08-01,6312.02978515625,6673.195076148559
4489,2022-08-03,6430.080078125,6674.566557681146
4490,2022-08-04,6483.10986328125,6675.938039213734
4491,2022-08-05,6405.5,6677.309520746321
4492,2022-08-08,6434.240234375,6678.681002278909
4493,2022-08-10,6471.83984375,6680.052483811496
4494,2022-08-11,6680.68017578125,6681.423965344084
4495,2022-08-12,6699.66015625,6682.795446876671
4496,2022-08-15,6737.83984375,6684.16692840926
4497,2022-08-16,6850.64013671875,6685.538409941848
4498,2022-08-17,6818.990234375,6686.909891474435
4499,2022-08-19,6863.85986328125,6688.281373007023
4500,2022-08-24,6643.4501953125,6689.65285453961
4501,2022-08-25,6706.43017578125,6691.024336072198
4502,2022-08-26,6752.5,6692.395817604785
4503,2022-08-31,6583.64990234375,6693.767299137373
4504,2022-09-01,6588.27978515625,6695.13878066996
4505,2022-09-02,6692.64990234375,6696.510262202548
4506,2022-09-05,6676.0400390625,6697.881743735135
4507,2022-09-06,6709.60009765625,6699.253225267723
4508,2022-09-07,6554.080078125,6700.62470680031
4509,2022-09-08,6593.740234375,6701.996188332898
4510,2022-09-09,6606.0,6703.367669865485
4511,2022-09-12,6715.75,6704.739151398073
4512,2022-09-13,6701.81005859375,6706.11063293066
4513,2022-09-14,6582.85986328125,6707.482114463248
4514,2022-09-16,6548.77001953125,6708.853595995835
4515,2022-09-19,6437.419921875,6710.225077528423
4516,2022-09-20,6448.4599609375,6711.59655906101
4517,2022-09-21,6341.68994140625,6712.968040593598
4518,2022-09-23,6259.5400390625,6714.339522126187
4519,2022-09-27,6020.06982421875,6715.711003658775
4520,2022-09-28,5879.68017578125,6717.082485191362
4521,2022-09-29,5934.25,6718.45396672395
4522,2022-09-30,5741.06982421875,6719.825448256537
4523,2022-10-04,5987.72021484375,6721.196929789125
4524,2022-10-05,5988.58984375,6722.568411321712
4525,2022-10-06,5934.27001953125,6723.9398928543
4526,2022-10-07,5932.18994140625,6725.311374386887
4527,2022-10-11,5847.3701171875,6726.682855919475
4528,2022-10-12,5853.6298828125,6728.054337452062
4529,2022-10-13,5895.64013671875,6729.42581898465
4530,2022-10-14,5904.75,6730.797300517237
4531,2022-10-17,5970.330078125,6732.168782049825
4532,2022-10-18,6128.64013671875,6733.540263582412
4533,2022-10-19,6148.31005859375,6734.911745115
4534,2022-10-20,6055.990234375,6736.283226647587
4535,2022-10-21,5983.56005859375,6737.654708180175
4536,2022-10-24,6028.7900390625,6739.026189712762
4537,2022-10-25,6073.41015625,6740.39767124535
4538,2022-10-27,6230.580078125,6741.769152777937
4539,2022-10-28,6153.43017578125,6743.140634310526
4540,2022-11-02,6206.240234375,6744.512115843114
4541,2022-11-03,6156.10986328125,6745.883597375701
4542,2022-11-07,6295.580078125,6747.255078908289
4543,2022-11-09,6241.68017578125,6748.626560440876
4544,2022-11-10,6167.56982421875,6749.998041973464
4545,2022-11-11,6286.77001953125,6751.369523506051
4546,2022-11-14,6354.759765625,6752.741005038639
4547,2022-11-15,6418.93994140625,6754.112486571226
4548,2022-11-16,6392.08984375,6755.483968103814
4549,2022-11-17,6403.740234375,6756.855449636401
4550,2022-11-18,6437.3798828125,6758.226931168989
4551,2022-11-22,6429.64990234375,6759.598412701576
4552,2022-11-23,6510.31982421875,6760.969894234164
4553,2022-11-24,6530.509765625,6762.341375766751
4554,2022-11-25,6606.93994140625,6763.712857299339
4555,2022-11-28,6681.47021484375,6765.084338831926
4556,2022-11-29,6780.77978515625,6766.455820364514
4557,2022-12-01,6734.08984375,6767.827301897101
4558,2022-12-05,6442.1298828125,6769.198783429689
4559,2022-12-06,6674.3798828125,6770.570264962276
4560,2022-12-12,6585.2001953125,6771.941746494866
4561,2022-12-14,6615.06982421875,6773.313228027453
4562,2022-12-15,6566.7998046875,6774.684709560041
4563,2022-12-16,6496.5,6776.056191092628
4564,2022-12-19,6414.27001953125,6777.427672625216
4565,2022-12-21,6520.7998046875,6778.799154157803
4566,2022-12-22,6576.93994140625,6780.170635690391
4567,2022-12-23,6541.02978515625,6781.542117222978
4568,2022-12-27,6564.89990234375,6782.9135987555655
4569,2022-12-28,6566.5400390625,6784.285080288153
4570,2023-01-03,6586.009765625,6785.6565618207405
4571,2023-01-04,6718.5,6787.028043353328
4572,2023-01-06,6667.97021484375,6788.3995248859155
4573,2023-01-09,6790.240234375,6789.771006418503
4574,2023-01-10,6756.68994140625,6791.1424879510905
4575,2023-01-11,6709.33984375,6792.513969483678
4576,2023-01-12,6833.52978515625,6793.8854510162655
4577,2023-01-17,7014.0400390625,6795.256932548853
4578,2023-01-18,7094.85986328125,6796.6284140814405
4579,2023-01-19,7062.009765625,6797.999895614028
4580,2023-01-20,7056.6201171875,6799.3713771466155
4581,2023-01-24,7041.5,6800.742858679203
4582,2023-01-25,7081.35986328125,6802.114340211792
4583,2023-01-30,6970.97021484375,6803.48582174438
4584,2023-01-31,6793.25,6804.857303276967
4585,2023-02-01,7035.759765625,6806.228784809555
4586,2023-02-02,6986.18994140625,6807.600266342142
4587,2023-02-03,7027.3798828125,6808.97174787473
4588,2023-02-06,6936.60986328125,6810.343229407317
4589,2023-02-07,6881.259765625,6811.714710939905
4590,2023-02-08,6923.080078125,6813.086192472492
4591,2023-02-09,6842.7900390625,6814.45767400508
4592,2023-02-10,6876.7900390625,6815.829155537667
4593,2023-02-13,6838.75,6817.200637070255
4594,2023-02-14,6791.240234375,6818.572118602842
4595,2023-02-15,6822.08984375,6819.94360013543
4596,2023-02-16,6815.91015625,6821.315081668017
4597,2023-02-17,6779.02001953125,6822.686563200605
4598,2023-02-20,6744.1201171875,6824.058044733192
4599,2023-02-22,6699.22998046875,6825.42952626578
4600,2023-02-23,6685.89990234375,6826.801007798367
4601,2023-02-24,6685.89990234375,6828.172489330955
4602,2023-03-01,6607.1298828125,6829.543970863542
4603,2023-03-03,6655.3701171875,6830.9154523961315
4604,2023-03-06,6671.1201171875,6832.286933928719
4605,2023-03-08,6711.490234375,6833.6584154613065
4606,2023-03-09,6609.27001953125,6835.029896993894
4607,2023-03-10,6589.8798828125,6836.4013785264815
4608,2023-03-13,6544.4501953125,6837.772860059069
4609,2023-03-14,6393.330078125,6839.1443415916565
4610,2023-03-15,6466.10009765625,6840.515823124244
4611,2023-03-16,6404.91015625,6841.8873046568315
4612,2023-03-17,6469.72021484375,6843.258786189419
4613,2023-03-20,6451.02001953125,6844.6302677220065
4614,2023-03-21,6530.75,6846.001749254594
4615,2023-03-23,6536.35986328125,6847.3732307871815
4616,2023-03-24,6602.169921875,6848.744712319769
4617,2023-03-28,6603.14990234375,6850.116193852356
4618,2023-03-31,6499.68017578125,6851.487675384944
4619,2023-04-03,6529.990234375,6852.859156917531
4620,2023-04-04,6472.0400390625,6854.230638450119
4621,2023-04-05,6488.509765625,6855.602119982706
4622,2023-04-11,6479.6298828125,6856.973601515294
4623,2023-04-13,6448.8701171875,6858.345083047881
4624,2023-04-14,6481.91015625,6859.716564580471
4625,2023-04-17,6505.6201171875,6861.088046113058
4626,2023-04-18,6464.72021484375,6862.459527645646
4627,2023-04-19,6446.35009765625,6863.831009178233
4628,2023-04-26,6540.240234375,6865.202490710821
4629,2023-04-27,6583.68017578125,6866.573972243408
4630,2023-04-28,6625.080078125,6867.945453775996
4631,2023-05-02,6672.68994140625,6869.316935308583
4632,2023-05-03,6606.68994140625,6870.688416841171
4633,2023-05-04,6684.35009765625,6872.059898373758
4634,2023-05-05,6685.66015625,6873.431379906346
4635,2023-05-08,6600.740234375,6874.802861438933
4636,2023-05-09,6622.60986328125,6876.174342971521
4637,2023-05-11,6675.4599609375,6877.545824504108
4638,2023-05-12,6578.14990234375,6878.917306036696
4639,2023-05-15,6523.14990234375,6880.288787569283
4640,2023-05-16,6588.89990234375,6881.660269101871
4641,2023-05-31,,6883.031750634458
4642,2023-06-30,,6884.403232167046
4643,2023-07-31,,6885.774713699633
4644,2023-08-31,,6887.146195232221
4645,2023-09-30,,6888.517676764808
4646,2023-10-31,,6889.889158297397
4647,2023-11-30,,6891.260639829985
4648,2023-12-31,,6892.632121362572
4649,2024-01-31,,6894.00360289516
4650,2024-02-29,,6895.375084427747
4651,2024-03-31,,6896.746565960335
4652,2024-04-30,,6898.118047492922
